id,output,name
0,1,D:\6_Praktikum/2_Spatial Data Mining/Acara 8 (Deep Learning)/Data/test\test_1_16453_14_128.tif
1,0.999999285,D:\6_Praktikum/2_Spatial Data Mining/Acara 8 (Deep Learning)/Data/test\test_1_16454_15_128.tif
2,1,D:\6_Praktikum/2_Spatial Data Mining/Acara 8 (Deep Learning)/Data/test\test_1_16455_16_128.tif
3,1,D:\6_Praktikum/2_Spatial Data Mining/Acara 8 (Deep Learning)/Data/test\test_1_16456_17_128.tif
4,1,D:\6_Praktikum/2_Spatial Data Mining/Acara 8 (Deep Learning)/Data/test\test_1_16457_18_128.tif
5,1,D:\6_Praktikum/2_Spatial Data Mining/Acara 8 (Deep Learning)/Data/test\test_1_16461_22_128.tif
6,0.436967105,D:\6_Praktikum/2_Spatial Data Mining/Acara 8 (Deep Learning)/Data/test\test_1_16661_45_128.tif
7,0.000178016,D:\6_Praktikum/2_Spatial Data Mining/Acara 8 (Deep Learning)/Data/test\test_1_16662_46_128.tif
8,0.999999881,D:\6_Praktikum/2_Spatial Data Mining/Acara 8 (Deep Learning)/Data/test\test_1_16663_47_128.tif
9,0.002523694,D:\6_Praktikum/2_Spatial Data Mining/Acara 8 (Deep Learning)/Data/test\test_1_16664_48_128.tif
10,0.243954256,D:\6_Praktikum/2_Spatial Data Mining/Acara 8 (Deep Learning)/Data/test\test_1_16665_49_128.tif
11,0.661418498,D:\6_Praktikum/2_Spatial Data Mining/Acara 8 (Deep Learning)/Data/test\test_1_16667_51_128.tif
12,0.058979027,D:\6_Praktikum/2_Spatial Data Mining/Acara 8 (Deep Learning)/Data/test\test_1_16668_52_128.tif
13,0,D:\6_Praktikum/2_Spatial Data Mining/Acara 8 (Deep Learning)/Data/test\test_1_16669_53_128.tif
14,2.31E-13,D:\6_Praktikum/2_Spatial Data Mining/Acara 8 (Deep Learning)/Data/test\test_1_16869_76_128.tif
15,0.041738164,D:\6_Praktikum/2_Spatial Data Mining/Acara 8 (Deep Learning)/Data/test\test_1_16870_77_128.tif
16,0.999696136,D:\6_Praktikum/2_Spatial Data Mining/Acara 8 (Deep Learning)/Data/test\test_1_16871_78_128.tif
17,0.021351693,D:\6_Praktikum/2_Spatial Data Mining/Acara 8 (Deep Learning)/Data/test\test_1_16874_81_128.tif
18,2.55E-06,D:\6_Praktikum/2_Spatial Data Mining/Acara 8 (Deep Learning)/Data/test\test_1_16875_82_128.tif
19,1,D:\6_Praktikum/2_Spatial Data Mining/Acara 8 (Deep Learning)/Data/test\test_1_16876_83_128.tif
20,1,D:\6_Praktikum/2_Spatial Data Mining/Acara 8 (Deep Learning)/Data/test\test_1_17076_106_128.tif
21,0.002196776,D:\6_Praktikum/2_Spatial Data Mining/Acara 8 (Deep Learning)/Data/test\test_1_17077_107_128.tif
22,0.999999821,D:\6_Praktikum/2_Spatial Data Mining/Acara 8 (Deep Learning)/Data/test\test_1_17078_108_128.tif
23,0.603711486,D:\6_Praktikum/2_Spatial Data Mining/Acara 8 (Deep Learning)/Data/test\test_1_17081_111_128.tif
24,0.999997139,D:\6_Praktikum/2_Spatial Data Mining/Acara 8 (Deep Learning)/Data/test\test_1_17082_112_128.tif
25,0,D:\6_Praktikum/2_Spatial Data Mining/Acara 8 (Deep Learning)/Data/test\test_1_17083_113_128.tif
26,0.99017942,D:\6_Praktikum/2_Spatial Data Mining/Acara 8 (Deep Learning)/Data/test\test_1_17289_142_128.tif
27,1.17E-37,D:\6_Praktikum/2_Spatial Data Mining/Acara 8 (Deep Learning)/Data/test\test_1_17290_143_128.tif
28,1,D:\6_Praktikum/2_Spatial Data Mining/Acara 8 (Deep Learning)/Data/test\test_1_17497_173_128.tif
29,0.982819021,D:\6_Praktikum/2_Spatial Data Mining/Acara 8 (Deep Learning)/Data/test\test_1_17702_201_128.tif
30,1,D:\6_Praktikum/2_Spatial Data Mining/Acara 8 (Deep Learning)/Data/test\test_1_17703_202_128.tif
31,6.03E-06,D:\6_Praktikum/2_Spatial Data Mining/Acara 8 (Deep Learning)/Data/test\test_1_17910_232_128.tif
32,1,D:\6_Praktikum/2_Spatial Data Mining/Acara 8 (Deep Learning)/Data/test\test_1_17911_233_128.tif
33,0.999999881,D:\6_Praktikum/2_Spatial Data Mining/Acara 8 (Deep Learning)/Data/test\test_1_17912_234_128.tif
34,4.83E-12,D:\6_Praktikum/2_Spatial Data Mining/Acara 8 (Deep Learning)/Data/test\test_1_17913_235_128.tif
35,1,D:\6_Praktikum/2_Spatial Data Mining/Acara 8 (Deep Learning)/Data/test\test_1_18117_262_128.tif
36,1,D:\6_Praktikum/2_Spatial Data Mining/Acara 8 (Deep Learning)/Data/test\test_1_18118_263_128.tif
37,1,D:\6_Praktikum/2_Spatial Data Mining/Acara 8 (Deep Learning)/Data/test\test_1_18119_264_128.tif
38,0.999961019,D:\6_Praktikum/2_Spatial Data Mining/Acara 8 (Deep Learning)/Data/test\test_1_18120_265_128.tif
39,1.05E-16,D:\6_Praktikum/2_Spatial Data Mining/Acara 8 (Deep Learning)/Data/test\test_1_18121_266_128.tif
40,1,D:\6_Praktikum/2_Spatial Data Mining/Acara 8 (Deep Learning)/Data/test\test_1_18311_279_128.tif
41,0.999997616,D:\6_Praktikum/2_Spatial Data Mining/Acara 8 (Deep Learning)/Data/test\test_1_18312_280_128.tif
42,0.744701803,D:\6_Praktikum/2_Spatial Data Mining/Acara 8 (Deep Learning)/Data/test\test_1_18323_291_128.tif
43,1.15E-23,D:\6_Praktikum/2_Spatial Data Mining/Acara 8 (Deep Learning)/Data/test\test_1_18324_292_128.tif
44,1.68E-16,D:\6_Praktikum/2_Spatial Data Mining/Acara 8 (Deep Learning)/Data/test\test_1_18325_293_128.tif
45,0.99999845,D:\6_Praktikum/2_Spatial Data Mining/Acara 8 (Deep Learning)/Data/test\test_1_18326_294_128.tif
46,0,D:\6_Praktikum/2_Spatial Data Mining/Acara 8 (Deep Learning)/Data/test\test_1_18327_295_128.tif
47,1,D:\6_Praktikum/2_Spatial Data Mining/Acara 8 (Deep Learning)/Data/test\test_1_18328_296_128.tif
48,3.68E-09,D:\6_Praktikum/2_Spatial Data Mining/Acara 8 (Deep Learning)/Data/test\test_1_18515_306_128.tif
49,3.91E-18,D:\6_Praktikum/2_Spatial Data Mining/Acara 8 (Deep Learning)/Data/test\test_1_18516_307_128.tif
50,1,D:\6_Praktikum/2_Spatial Data Mining/Acara 8 (Deep Learning)/Data/test\test_1_18521_312_128.tif
51,8.23E-10,D:\6_Praktikum/2_Spatial Data Mining/Acara 8 (Deep Learning)/Data/test\test_1_18529_320_128.tif
52,3.59E-24,D:\6_Praktikum/2_Spatial Data Mining/Acara 8 (Deep Learning)/Data/test\test_1_18530_321_128.tif
53,0.001994328,D:\6_Praktikum/2_Spatial Data Mining/Acara 8 (Deep Learning)/Data/test\test_1_18532_323_128.tif
54,1,D:\6_Praktikum/2_Spatial Data Mining/Acara 8 (Deep Learning)/Data/test\test_1_18533_324_128.tif
55,7.48E-10,D:\6_Praktikum/2_Spatial Data Mining/Acara 8 (Deep Learning)/Data/test\test_1_18534_325_128.tif
56,8.70E-10,D:\6_Praktikum/2_Spatial Data Mining/Acara 8 (Deep Learning)/Data/test\test_1_18535_326_128.tif
57,2.06E-12,D:\6_Praktikum/2_Spatial Data Mining/Acara 8 (Deep Learning)/Data/test\test_1_18728_342_128.tif
58,1.95E-10,D:\6_Praktikum/2_Spatial Data Mining/Acara 8 (Deep Learning)/Data/test\test_1_18736_350_128.tif
59,1,D:\6_Praktikum/2_Spatial Data Mining/Acara 8 (Deep Learning)/Data/test\test_1_18737_351_128.tif
60,1,D:\6_Praktikum/2_Spatial Data Mining/Acara 8 (Deep Learning)/Data/test\test_1_18738_352_128.tif
61,0.670226455,D:\6_Praktikum/2_Spatial Data Mining/Acara 8 (Deep Learning)/Data/test\test_1_18740_354_128.tif
62,1,D:\6_Praktikum/2_Spatial Data Mining/Acara 8 (Deep Learning)/Data/test\test_1_18741_355_128.tif
63,0,D:\6_Praktikum/2_Spatial Data Mining/Acara 8 (Deep Learning)/Data/test\test_1_18742_356_128.tif
64,0.896056712,D:\6_Praktikum/2_Spatial Data Mining/Acara 8 (Deep Learning)/Data/test\test_1_18935_372_128.tif
65,1,D:\6_Praktikum/2_Spatial Data Mining/Acara 8 (Deep Learning)/Data/test\test_1_18944_381_128.tif
66,0.687156796,D:\6_Praktikum/2_Spatial Data Mining/Acara 8 (Deep Learning)/Data/test\test_1_18945_382_128.tif
67,1,D:\6_Praktikum/2_Spatial Data Mining/Acara 8 (Deep Learning)/Data/test\test_1_18946_383_128.tif
68,1,D:\6_Praktikum/2_Spatial Data Mining/Acara 8 (Deep Learning)/Data/test\test_1_18948_385_128.tif
69,1,D:\6_Praktikum/2_Spatial Data Mining/Acara 8 (Deep Learning)/Data/test\test_1_19141_401_128.tif
70,2.24E-08,D:\6_Praktikum/2_Spatial Data Mining/Acara 8 (Deep Learning)/Data/test\test_1_19151_411_128.tif
71,0.999987602,D:\6_Praktikum/2_Spatial Data Mining/Acara 8 (Deep Learning)/Data/test\test_1_19152_412_128.tif
72,0.973352551,D:\6_Praktikum/2_Spatial Data Mining/Acara 8 (Deep Learning)/Data/test\test_1_19154_414_128.tif
73,1,D:\6_Praktikum/2_Spatial Data Mining/Acara 8 (Deep Learning)/Data/test\test_1_19155_415_128.tif
74,1,D:\6_Praktikum/2_Spatial Data Mining/Acara 8 (Deep Learning)/Data/test\test_1_19358_441_128.tif
75,0.961059749,D:\6_Praktikum/2_Spatial Data Mining/Acara 8 (Deep Learning)/Data/test\test_1_19359_442_128.tif
76,3.71E-20,D:\6_Praktikum/2_Spatial Data Mining/Acara 8 (Deep Learning)/Data/test\test_1_19360_443_128.tif
77,0.999998987,D:\6_Praktikum/2_Spatial Data Mining/Acara 8 (Deep Learning)/Data/test\test_1_19361_444_128.tif
78,1,D:\6_Praktikum/2_Spatial Data Mining/Acara 8 (Deep Learning)/Data/test\test_1_19362_445_128.tif
79,4.34E-15,D:\6_Praktikum/2_Spatial Data Mining/Acara 8 (Deep Learning)/Data/test\test_1_19565_471_128.tif
80,0.566549003,D:\6_Praktikum/2_Spatial Data Mining/Acara 8 (Deep Learning)/Data/test\test_1_19566_472_128.tif
81,3.74E-08,D:\6_Praktikum/2_Spatial Data Mining/Acara 8 (Deep Learning)/Data/test\test_1_19567_473_128.tif
82,1,D:\6_Praktikum/2_Spatial Data Mining/Acara 8 (Deep Learning)/Data/test\test_1_19568_474_128.tif
83,0.999660194,D:\6_Praktikum/2_Spatial Data Mining/Acara 8 (Deep Learning)/Data/test\test_1_19569_475_128.tif
84,0.99996388,D:\6_Praktikum/2_Spatial Data Mining/Acara 8 (Deep Learning)/Data/test\test_1_19760_489_128.tif
85,0.914353788,D:\6_Praktikum/2_Spatial Data Mining/Acara 8 (Deep Learning)/Data/test\test_1_19772_501_128.tif
86,0.193128869,D:\6_Praktikum/2_Spatial Data Mining/Acara 8 (Deep Learning)/Data/test\test_1_19774_503_128.tif
87,0.999857962,D:\6_Praktikum/2_Spatial Data Mining/Acara 8 (Deep Learning)/Data/test\test_1_19775_504_128.tif
88,0.836011589,D:\6_Praktikum/2_Spatial Data Mining/Acara 8 (Deep Learning)/Data/test\test_1_19776_505_128.tif
89,0.999899685,D:\6_Praktikum/2_Spatial Data Mining/Acara 8 (Deep Learning)/Data/test\test_1_19777_506_128.tif
90,1,D:\6_Praktikum/2_Spatial Data Mining/Acara 8 (Deep Learning)/Data/test\test_1_19778_507_128.tif
91,0.008904678,D:\6_Praktikum/2_Spatial Data Mining/Acara 8 (Deep Learning)/Data/test\test_1_19967_519_128.tif
92,1,D:\6_Praktikum/2_Spatial Data Mining/Acara 8 (Deep Learning)/Data/test\test_1_19979_531_128.tif
93,0.973980069,D:\6_Praktikum/2_Spatial Data Mining/Acara 8 (Deep Learning)/Data/test\test_1_19980_532_128.tif
94,0.960817456,D:\6_Praktikum/2_Spatial Data Mining/Acara 8 (Deep Learning)/Data/test\test_1_19981_533_128.tif
95,1,D:\6_Praktikum/2_Spatial Data Mining/Acara 8 (Deep Learning)/Data/test\test_1_19982_534_128.tif
96,6.30E-15,D:\6_Praktikum/2_Spatial Data Mining/Acara 8 (Deep Learning)/Data/test\test_1_19983_535_128.tif
97,9.36E-22,D:\6_Praktikum/2_Spatial Data Mining/Acara 8 (Deep Learning)/Data/test\test_1_19984_536_128.tif
98,1,D:\6_Praktikum/2_Spatial Data Mining/Acara 8 (Deep Learning)/Data/test\test_1_19985_537_128.tif
99,1,D:\6_Praktikum/2_Spatial Data Mining/Acara 8 (Deep Learning)/Data/test\test_1_19986_538_128.tif
100,1.14E-05,D:\6_Praktikum/2_Spatial Data Mining/Acara 8 (Deep Learning)/Data/test\test_1_20174_549_128.tif
101,0.031409584,D:\6_Praktikum/2_Spatial Data Mining/Acara 8 (Deep Learning)/Data/test\test_1_20175_550_128.tif
102,0.0009837,D:\6_Praktikum/2_Spatial Data Mining/Acara 8 (Deep Learning)/Data/test\test_1_20188_563_128.tif
103,3.67E-32,D:\6_Praktikum/2_Spatial Data Mining/Acara 8 (Deep Learning)/Data/test\test_1_20189_564_128.tif
104,1,D:\6_Praktikum/2_Spatial Data Mining/Acara 8 (Deep Learning)/Data/test\test_1_20190_565_128.tif
105,2.65E-06,D:\6_Praktikum/2_Spatial Data Mining/Acara 8 (Deep Learning)/Data/test\test_1_20191_566_128.tif
106,1,D:\6_Praktikum/2_Spatial Data Mining/Acara 8 (Deep Learning)/Data/test\test_1_20192_567_128.tif
107,1,D:\6_Praktikum/2_Spatial Data Mining/Acara 8 (Deep Learning)/Data/test\test_1_20193_568_128.tif
108,1,D:\6_Praktikum/2_Spatial Data Mining/Acara 8 (Deep Learning)/Data/test\test_1_20194_569_128.tif
109,1,D:\6_Praktikum/2_Spatial Data Mining/Acara 8 (Deep Learning)/Data/test\test_1_20380_578_128.tif
110,6.22E-15,D:\6_Praktikum/2_Spatial Data Mining/Acara 8 (Deep Learning)/Data/test\test_1_20382_580_128.tif
111,1,D:\6_Praktikum/2_Spatial Data Mining/Acara 8 (Deep Learning)/Data/test\test_1_20395_593_128.tif
112,0.999999046,D:\6_Praktikum/2_Spatial Data Mining/Acara 8 (Deep Learning)/Data/test\test_1_20396_594_128.tif
113,1,D:\6_Praktikum/2_Spatial Data Mining/Acara 8 (Deep Learning)/Data/test\test_1_20397_595_128.tif
114,0,D:\6_Praktikum/2_Spatial Data Mining/Acara 8 (Deep Learning)/Data/test\test_1_20398_596_128.tif
115,1.31E-20,D:\6_Praktikum/2_Spatial Data Mining/Acara 8 (Deep Learning)/Data/test\test_1_20399_597_128.tif
116,1,D:\6_Praktikum/2_Spatial Data Mining/Acara 8 (Deep Learning)/Data/test\test_1_20400_598_128.tif
117,1,D:\6_Praktikum/2_Spatial Data Mining/Acara 8 (Deep Learning)/Data/test\test_1_20401_599_128.tif
118,0.998960853,D:\6_Praktikum/2_Spatial Data Mining/Acara 8 (Deep Learning)/Data/test\test_1_20586_607_128.tif
119,7.15E-25,D:\6_Praktikum/2_Spatial Data Mining/Acara 8 (Deep Learning)/Data/test\test_1_20587_608_128.tif
120,0.999999821,D:\6_Praktikum/2_Spatial Data Mining/Acara 8 (Deep Learning)/Data/test\test_1_20589_610_128.tif
121,1,D:\6_Praktikum/2_Spatial Data Mining/Acara 8 (Deep Learning)/Data/test\test_1_20605_626_128.tif
122,0,D:\6_Praktikum/2_Spatial Data Mining/Acara 8 (Deep Learning)/Data/test\test_1_20606_627_128.tif
123,0,D:\6_Praktikum/2_Spatial Data Mining/Acara 8 (Deep Learning)/Data/test\test_1_20607_628_128.tif
124,4.49E-11,D:\6_Praktikum/2_Spatial Data Mining/Acara 8 (Deep Learning)/Data/test\test_1_20608_629_128.tif
125,1,D:\6_Praktikum/2_Spatial Data Mining/Acara 8 (Deep Learning)/Data/test\test_1_20792_636_128.tif
126,1,D:\6_Praktikum/2_Spatial Data Mining/Acara 8 (Deep Learning)/Data/test\test_1_20793_637_128.tif
127,0.993924618,D:\6_Praktikum/2_Spatial Data Mining/Acara 8 (Deep Learning)/Data/test\test_1_20812_656_128.tif
128,1,D:\6_Praktikum/2_Spatial Data Mining/Acara 8 (Deep Learning)/Data/test\test_1_20813_657_128.tif
129,1,D:\6_Praktikum/2_Spatial Data Mining/Acara 8 (Deep Learning)/Data/test\test_1_20814_658_128.tif
130,0,D:\6_Praktikum/2_Spatial Data Mining/Acara 8 (Deep Learning)/Data/test\test_1_20815_659_128.tif
131,1.58E-08,D:\6_Praktikum/2_Spatial Data Mining/Acara 8 (Deep Learning)/Data/test\test_1_21019_686_128.tif
132,1,D:\6_Praktikum/2_Spatial Data Mining/Acara 8 (Deep Learning)/Data/test\test_1_21021_688_128.tif
133,0.99999994,D:\6_Praktikum/2_Spatial Data Mining/Acara 8 (Deep Learning)/Data/test\test_1_21226_716_128.tif
134,0.996062994,D:\6_Praktikum/2_Spatial Data Mining/Acara 8 (Deep Learning)/Data/test\test_1_21227_717_128.tif
135,1.69E-09,D:\6_Praktikum/2_Spatial Data Mining/Acara 8 (Deep Learning)/Data/test\test_1_21228_718_128.tif
136,0.000116556,D:\6_Praktikum/2_Spatial Data Mining/Acara 8 (Deep Learning)/Data/test\test_1_21229_719_128.tif
137,4.19E-05,D:\6_Praktikum/2_Spatial Data Mining/Acara 8 (Deep Learning)/Data/test\test_1_21433_746_128.tif
138,0,D:\6_Praktikum/2_Spatial Data Mining/Acara 8 (Deep Learning)/Data/test\test_1_21435_748_128.tif
139,1.43E-08,D:\6_Praktikum/2_Spatial Data Mining/Acara 8 (Deep Learning)/Data/test\test_1_21436_749_128.tif
140,1,D:\6_Praktikum/2_Spatial Data Mining/Acara 8 (Deep Learning)/Data/test\test_1_21437_750_128.tif
141,0.001361035,D:\6_Praktikum/2_Spatial Data Mining/Acara 8 (Deep Learning)/Data/test\test_2_16464_25_128.tif
142,1.04E-08,D:\6_Praktikum/2_Spatial Data Mining/Acara 8 (Deep Learning)/Data/test\test_2_16465_26_128.tif
143,9.21E-18,D:\6_Praktikum/2_Spatial Data Mining/Acara 8 (Deep Learning)/Data/test\test_2_16466_27_128.tif
144,2.50E-06,D:\6_Praktikum/2_Spatial Data Mining/Acara 8 (Deep Learning)/Data/test\test_2_16467_28_128.tif
145,1.16E-05,D:\6_Praktikum/2_Spatial Data Mining/Acara 8 (Deep Learning)/Data/test\test_2_16672_56_128.tif
146,0.999991775,D:\6_Praktikum/2_Spatial Data Mining/Acara 8 (Deep Learning)/Data/test\test_2_16673_57_128.tif
147,1.99E-08,D:\6_Praktikum/2_Spatial Data Mining/Acara 8 (Deep Learning)/Data/test\test_2_16674_58_128.tif
148,4.05E-07,D:\6_Praktikum/2_Spatial Data Mining/Acara 8 (Deep Learning)/Data/test\test_2_16675_59_128.tif
149,1.02E-05,D:\6_Praktikum/2_Spatial Data Mining/Acara 8 (Deep Learning)/Data/test\test_2_16854_61_128.tif
150,0.805147111,D:\6_Praktikum/2_Spatial Data Mining/Acara 8 (Deep Learning)/Data/test\test_2_16879_86_128.tif
151,0.027984196,D:\6_Praktikum/2_Spatial Data Mining/Acara 8 (Deep Learning)/Data/test\test_2_16880_87_128.tif
152,0.041615535,D:\6_Praktikum/2_Spatial Data Mining/Acara 8 (Deep Learning)/Data/test\test_2_16882_89_128.tif
153,1.32E-10,D:\6_Praktikum/2_Spatial Data Mining/Acara 8 (Deep Learning)/Data/test\test_2_16883_90_128.tif
154,8.72E-05,D:\6_Praktikum/2_Spatial Data Mining/Acara 8 (Deep Learning)/Data/test\test_2_17086_116_128.tif
155,0.026717339,D:\6_Praktikum/2_Spatial Data Mining/Acara 8 (Deep Learning)/Data/test\test_2_17087_117_128.tif
156,0.000246476,D:\6_Praktikum/2_Spatial Data Mining/Acara 8 (Deep Learning)/Data/test\test_2_17088_118_128.tif
157,4.81E-21,D:\6_Praktikum/2_Spatial Data Mining/Acara 8 (Deep Learning)/Data/test\test_2_17089_119_128.tif
158,2.36E-09,D:\6_Praktikum/2_Spatial Data Mining/Acara 8 (Deep Learning)/Data/test\test_2_17090_120_128.tif
159,0.999960244,D:\6_Praktikum/2_Spatial Data Mining/Acara 8 (Deep Learning)/Data/test\test_2_17292_145_128.tif
160,0.994680166,D:\6_Praktikum/2_Spatial Data Mining/Acara 8 (Deep Learning)/Data/test\test_2_17293_146_128.tif
161,1.65E-15,D:\6_Praktikum/2_Spatial Data Mining/Acara 8 (Deep Learning)/Data/test\test_2_17294_147_128.tif
162,1,D:\6_Praktikum/2_Spatial Data Mining/Acara 8 (Deep Learning)/Data/test\test_2_17295_148_128.tif
163,7.68E-12,D:\6_Praktikum/2_Spatial Data Mining/Acara 8 (Deep Learning)/Data/test\test_2_17296_149_128.tif
164,3.37E-05,D:\6_Praktikum/2_Spatial Data Mining/Acara 8 (Deep Learning)/Data/test\test_2_17297_150_128.tif
165,1.94E-15,D:\6_Praktikum/2_Spatial Data Mining/Acara 8 (Deep Learning)/Data/test\test_2_17499_175_128.tif
166,1.14E-12,D:\6_Praktikum/2_Spatial Data Mining/Acara 8 (Deep Learning)/Data/test\test_2_17500_176_128.tif
167,2.55E-14,D:\6_Praktikum/2_Spatial Data Mining/Acara 8 (Deep Learning)/Data/test\test_2_17501_177_128.tif
168,0.999961913,D:\6_Praktikum/2_Spatial Data Mining/Acara 8 (Deep Learning)/Data/test\test_2_17502_178_128.tif
169,0.005336608,D:\6_Praktikum/2_Spatial Data Mining/Acara 8 (Deep Learning)/Data/test\test_2_17503_179_128.tif
170,3.10E-22,D:\6_Praktikum/2_Spatial Data Mining/Acara 8 (Deep Learning)/Data/test\test_2_17707_206_128.tif
171,0.999999881,D:\6_Praktikum/2_Spatial Data Mining/Acara 8 (Deep Learning)/Data/test\test_2_17710_209_128.tif
172,0.999991596,D:\6_Praktikum/2_Spatial Data Mining/Acara 8 (Deep Learning)/Data/test\test_NA_16440_1_128.tif
173,0.001511812,D:\6_Praktikum/2_Spatial Data Mining/Acara 8 (Deep Learning)/Data/test\test_NA_16441_2_128.tif
174,1.08E-05,D:\6_Praktikum/2_Spatial Data Mining/Acara 8 (Deep Learning)/Data/test\test_NA_16442_3_128.tif
175,0.960306525,D:\6_Praktikum/2_Spatial Data Mining/Acara 8 (Deep Learning)/Data/test\test_NA_16443_4_128.tif
176,0.336213917,D:\6_Praktikum/2_Spatial Data Mining/Acara 8 (Deep Learning)/Data/test\test_NA_16444_5_128.tif
177,0.999789059,D:\6_Praktikum/2_Spatial Data Mining/Acara 8 (Deep Learning)/Data/test\test_NA_16445_6_128.tif
178,0.121027119,D:\6_Praktikum/2_Spatial Data Mining/Acara 8 (Deep Learning)/Data/test\test_NA_16446_7_128.tif
179,0.025670879,D:\6_Praktikum/2_Spatial Data Mining/Acara 8 (Deep Learning)/Data/test\test_NA_16447_8_128.tif
180,0.02481571,D:\6_Praktikum/2_Spatial Data Mining/Acara 8 (Deep Learning)/Data/test\test_NA_16448_9_128.tif
181,0.05906935,D:\6_Praktikum/2_Spatial Data Mining/Acara 8 (Deep Learning)/Data/test\test_NA_16449_10_128.tif
182,0.323523074,D:\6_Praktikum/2_Spatial Data Mining/Acara 8 (Deep Learning)/Data/test\test_NA_16450_11_128.tif
183,0.001079027,D:\6_Praktikum/2_Spatial Data Mining/Acara 8 (Deep Learning)/Data/test\test_NA_16451_12_128.tif
184,0.001200827,D:\6_Praktikum/2_Spatial Data Mining/Acara 8 (Deep Learning)/Data/test\test_NA_16452_13_128.tif
185,0.046360649,D:\6_Praktikum/2_Spatial Data Mining/Acara 8 (Deep Learning)/Data/test\test_NA_16458_19_128.tif
186,1.64E-06,D:\6_Praktikum/2_Spatial Data Mining/Acara 8 (Deep Learning)/Data/test\test_NA_16459_20_128.tif
187,6.53E-07,D:\6_Praktikum/2_Spatial Data Mining/Acara 8 (Deep Learning)/Data/test\test_NA_16460_21_128.tif
188,2.30E-10,D:\6_Praktikum/2_Spatial Data Mining/Acara 8 (Deep Learning)/Data/test\test_NA_16462_23_128.tif
189,1,D:\6_Praktikum/2_Spatial Data Mining/Acara 8 (Deep Learning)/Data/test\test_NA_16463_24_128.tif
190,0.995539188,D:\6_Praktikum/2_Spatial Data Mining/Acara 8 (Deep Learning)/Data/test\test_NA_16468_29_128.tif
191,0.008745611,D:\6_Praktikum/2_Spatial Data Mining/Acara 8 (Deep Learning)/Data/test\test_NA_16469_30_128.tif
192,2.20E-10,D:\6_Praktikum/2_Spatial Data Mining/Acara 8 (Deep Learning)/Data/test\test_NA_16647_31_128.tif
193,0.999999762,D:\6_Praktikum/2_Spatial Data Mining/Acara 8 (Deep Learning)/Data/test\test_NA_16648_32_128.tif
194,0.000383303,D:\6_Praktikum/2_Spatial Data Mining/Acara 8 (Deep Learning)/Data/test\test_NA_16649_33_128.tif
195,0.007608375,D:\6_Praktikum/2_Spatial Data Mining/Acara 8 (Deep Learning)/Data/test\test_NA_16650_34_128.tif
196,0.003913702,D:\6_Praktikum/2_Spatial Data Mining/Acara 8 (Deep Learning)/Data/test\test_NA_16651_35_128.tif
197,0.027589016,D:\6_Praktikum/2_Spatial Data Mining/Acara 8 (Deep Learning)/Data/test\test_NA_16652_36_128.tif
198,0.000549841,D:\6_Praktikum/2_Spatial Data Mining/Acara 8 (Deep Learning)/Data/test\test_NA_16653_37_128.tif
199,0.810445368,D:\6_Praktikum/2_Spatial Data Mining/Acara 8 (Deep Learning)/Data/test\test_NA_16654_38_128.tif
200,0.027318643,D:\6_Praktikum/2_Spatial Data Mining/Acara 8 (Deep Learning)/Data/test\test_NA_16655_39_128.tif
201,0.043521803,D:\6_Praktikum/2_Spatial Data Mining/Acara 8 (Deep Learning)/Data/test\test_NA_16656_40_128.tif
202,1.42E-10,D:\6_Praktikum/2_Spatial Data Mining/Acara 8 (Deep Learning)/Data/test\test_NA_16657_41_128.tif
203,0.000158438,D:\6_Praktikum/2_Spatial Data Mining/Acara 8 (Deep Learning)/Data/test\test_NA_16658_42_128.tif
204,0.729829967,D:\6_Praktikum/2_Spatial Data Mining/Acara 8 (Deep Learning)/Data/test\test_NA_16659_43_128.tif
205,2.31E-08,D:\6_Praktikum/2_Spatial Data Mining/Acara 8 (Deep Learning)/Data/test\test_NA_16660_44_128.tif
206,0.077350438,D:\6_Praktikum/2_Spatial Data Mining/Acara 8 (Deep Learning)/Data/test\test_NA_16666_50_128.tif
207,0.001843177,D:\6_Praktikum/2_Spatial Data Mining/Acara 8 (Deep Learning)/Data/test\test_NA_16670_54_128.tif
208,1,D:\6_Praktikum/2_Spatial Data Mining/Acara 8 (Deep Learning)/Data/test\test_NA_16671_55_128.tif
209,0.033823758,D:\6_Praktikum/2_Spatial Data Mining/Acara 8 (Deep Learning)/Data/test\test_NA_16676_60_128.tif
210,0.067646518,D:\6_Praktikum/2_Spatial Data Mining/Acara 8 (Deep Learning)/Data/test\test_NA_16855_62_128.tif
211,0.09932892,D:\6_Praktikum/2_Spatial Data Mining/Acara 8 (Deep Learning)/Data/test\test_NA_16856_63_128.tif
212,5.60E-08,D:\6_Praktikum/2_Spatial Data Mining/Acara 8 (Deep Learning)/Data/test\test_NA_16857_64_128.tif
213,1,D:\6_Praktikum/2_Spatial Data Mining/Acara 8 (Deep Learning)/Data/test\test_NA_16858_65_128.tif
214,6.08E-05,D:\6_Praktikum/2_Spatial Data Mining/Acara 8 (Deep Learning)/Data/test\test_NA_16859_66_128.tif
215,0.649350107,D:\6_Praktikum/2_Spatial Data Mining/Acara 8 (Deep Learning)/Data/test\test_NA_16860_67_128.tif
216,0.999988794,D:\6_Praktikum/2_Spatial Data Mining/Acara 8 (Deep Learning)/Data/test\test_NA_16861_68_128.tif
217,1.61E-09,D:\6_Praktikum/2_Spatial Data Mining/Acara 8 (Deep Learning)/Data/test\test_NA_16862_69_128.tif
218,0.001353755,D:\6_Praktikum/2_Spatial Data Mining/Acara 8 (Deep Learning)/Data/test\test_NA_16863_70_128.tif
219,4.74E-12,D:\6_Praktikum/2_Spatial Data Mining/Acara 8 (Deep Learning)/Data/test\test_NA_16864_71_128.tif
220,0.000756851,D:\6_Praktikum/2_Spatial Data Mining/Acara 8 (Deep Learning)/Data/test\test_NA_16865_72_128.tif
221,3.96E-11,D:\6_Praktikum/2_Spatial Data Mining/Acara 8 (Deep Learning)/Data/test\test_NA_16866_73_128.tif
222,0.677257478,D:\6_Praktikum/2_Spatial Data Mining/Acara 8 (Deep Learning)/Data/test\test_NA_16867_74_128.tif
223,1,D:\6_Praktikum/2_Spatial Data Mining/Acara 8 (Deep Learning)/Data/test\test_NA_16868_75_128.tif
224,0.005457274,D:\6_Praktikum/2_Spatial Data Mining/Acara 8 (Deep Learning)/Data/test\test_NA_16872_79_128.tif
225,0.438373178,D:\6_Praktikum/2_Spatial Data Mining/Acara 8 (Deep Learning)/Data/test\test_NA_16873_80_128.tif
226,0.020906147,D:\6_Praktikum/2_Spatial Data Mining/Acara 8 (Deep Learning)/Data/test\test_NA_16877_84_128.tif
227,0.165059313,D:\6_Praktikum/2_Spatial Data Mining/Acara 8 (Deep Learning)/Data/test\test_NA_16878_85_128.tif
228,1.46E-06,D:\6_Praktikum/2_Spatial Data Mining/Acara 8 (Deep Learning)/Data/test\test_NA_16881_88_128.tif
229,3.40E-10,D:\6_Praktikum/2_Spatial Data Mining/Acara 8 (Deep Learning)/Data/test\test_NA_17061_91_128.tif
230,0.19490464,D:\6_Praktikum/2_Spatial Data Mining/Acara 8 (Deep Learning)/Data/test\test_NA_17062_92_128.tif
231,0.019642485,D:\6_Praktikum/2_Spatial Data Mining/Acara 8 (Deep Learning)/Data/test\test_NA_17063_93_128.tif
232,0.999944389,D:\6_Praktikum/2_Spatial Data Mining/Acara 8 (Deep Learning)/Data/test\test_NA_17064_94_128.tif
233,3.32E-09,D:\6_Praktikum/2_Spatial Data Mining/Acara 8 (Deep Learning)/Data/test\test_NA_17065_95_128.tif
234,2.70E-08,D:\6_Praktikum/2_Spatial Data Mining/Acara 8 (Deep Learning)/Data/test\test_NA_17066_96_128.tif
235,4.02E-05,D:\6_Praktikum/2_Spatial Data Mining/Acara 8 (Deep Learning)/Data/test\test_NA_17067_97_128.tif
236,0.000753337,D:\6_Praktikum/2_Spatial Data Mining/Acara 8 (Deep Learning)/Data/test\test_NA_17068_98_128.tif
237,0.999322832,D:\6_Praktikum/2_Spatial Data Mining/Acara 8 (Deep Learning)/Data/test\test_NA_17069_99_128.tif
238,5.19E-11,D:\6_Praktikum/2_Spatial Data Mining/Acara 8 (Deep Learning)/Data/test\test_NA_17070_100_128.tif
239,0.975278497,D:\6_Praktikum/2_Spatial Data Mining/Acara 8 (Deep Learning)/Data/test\test_NA_17071_101_128.tif
240,8.30E-13,D:\6_Praktikum/2_Spatial Data Mining/Acara 8 (Deep Learning)/Data/test\test_NA_17072_102_128.tif
241,0.003345114,D:\6_Praktikum/2_Spatial Data Mining/Acara 8 (Deep Learning)/Data/test\test_NA_17073_103_128.tif
242,1.01E-08,D:\6_Praktikum/2_Spatial Data Mining/Acara 8 (Deep Learning)/Data/test\test_NA_17074_104_128.tif
243,0.74281919,D:\6_Praktikum/2_Spatial Data Mining/Acara 8 (Deep Learning)/Data/test\test_NA_17075_105_128.tif
244,0.113090843,D:\6_Praktikum/2_Spatial Data Mining/Acara 8 (Deep Learning)/Data/test\test_NA_17079_109_128.tif
245,0.066030622,D:\6_Praktikum/2_Spatial Data Mining/Acara 8 (Deep Learning)/Data/test\test_NA_17080_110_128.tif
246,0.999998987,D:\6_Praktikum/2_Spatial Data Mining/Acara 8 (Deep Learning)/Data/test\test_NA_17084_114_128.tif
247,0.999879539,D:\6_Praktikum/2_Spatial Data Mining/Acara 8 (Deep Learning)/Data/test\test_NA_17085_115_128.tif
248,0.090683341,D:\6_Praktikum/2_Spatial Data Mining/Acara 8 (Deep Learning)/Data/test\test_NA_17268_121_128.tif
249,0.000247989,D:\6_Praktikum/2_Spatial Data Mining/Acara 8 (Deep Learning)/Data/test\test_NA_17269_122_128.tif
250,0.692642868,D:\6_Praktikum/2_Spatial Data Mining/Acara 8 (Deep Learning)/Data/test\test_NA_17270_123_128.tif
251,0.999882102,D:\6_Praktikum/2_Spatial Data Mining/Acara 8 (Deep Learning)/Data/test\test_NA_17271_124_128.tif
252,0.005016819,D:\6_Praktikum/2_Spatial Data Mining/Acara 8 (Deep Learning)/Data/test\test_NA_17272_125_128.tif
253,2.87E-10,D:\6_Praktikum/2_Spatial Data Mining/Acara 8 (Deep Learning)/Data/test\test_NA_17273_126_128.tif
254,5.47E-09,D:\6_Praktikum/2_Spatial Data Mining/Acara 8 (Deep Learning)/Data/test\test_NA_17274_127_128.tif
255,1,D:\6_Praktikum/2_Spatial Data Mining/Acara 8 (Deep Learning)/Data/test\test_NA_17275_128_128.tif
256,1,D:\6_Praktikum/2_Spatial Data Mining/Acara 8 (Deep Learning)/Data/test\test_NA_17276_129_128.tif
257,1.13E-16,D:\6_Praktikum/2_Spatial Data Mining/Acara 8 (Deep Learning)/Data/test\test_NA_17277_130_128.tif
258,0.048479117,D:\6_Praktikum/2_Spatial Data Mining/Acara 8 (Deep Learning)/Data/test\test_NA_17278_131_128.tif
259,1,D:\6_Praktikum/2_Spatial Data Mining/Acara 8 (Deep Learning)/Data/test\test_NA_17279_132_128.tif
260,1.48E-09,D:\6_Praktikum/2_Spatial Data Mining/Acara 8 (Deep Learning)/Data/test\test_NA_17280_133_128.tif
261,5.15E-07,D:\6_Praktikum/2_Spatial Data Mining/Acara 8 (Deep Learning)/Data/test\test_NA_17281_134_128.tif
262,1.16E-06,D:\6_Praktikum/2_Spatial Data Mining/Acara 8 (Deep Learning)/Data/test\test_NA_17282_135_128.tif
263,7.29E-11,D:\6_Praktikum/2_Spatial Data Mining/Acara 8 (Deep Learning)/Data/test\test_NA_17283_136_128.tif
264,5.63E-07,D:\6_Praktikum/2_Spatial Data Mining/Acara 8 (Deep Learning)/Data/test\test_NA_17284_137_128.tif
265,5.80E-06,D:\6_Praktikum/2_Spatial Data Mining/Acara 8 (Deep Learning)/Data/test\test_NA_17285_138_128.tif
266,0.044470951,D:\6_Praktikum/2_Spatial Data Mining/Acara 8 (Deep Learning)/Data/test\test_NA_17286_139_128.tif
267,0.058548972,D:\6_Praktikum/2_Spatial Data Mining/Acara 8 (Deep Learning)/Data/test\test_NA_17287_140_128.tif
268,0.180925399,D:\6_Praktikum/2_Spatial Data Mining/Acara 8 (Deep Learning)/Data/test\test_NA_17288_141_128.tif
269,0.000334299,D:\6_Praktikum/2_Spatial Data Mining/Acara 8 (Deep Learning)/Data/test\test_NA_17291_144_128.tif
270,0.002860965,D:\6_Praktikum/2_Spatial Data Mining/Acara 8 (Deep Learning)/Data/test\test_NA_17475_151_128.tif
271,4.41E-07,D:\6_Praktikum/2_Spatial Data Mining/Acara 8 (Deep Learning)/Data/test\test_NA_17476_152_128.tif
272,0.000962808,D:\6_Praktikum/2_Spatial Data Mining/Acara 8 (Deep Learning)/Data/test\test_NA_17477_153_128.tif
273,0.999979675,D:\6_Praktikum/2_Spatial Data Mining/Acara 8 (Deep Learning)/Data/test\test_NA_17478_154_128.tif
274,0.002480455,D:\6_Praktikum/2_Spatial Data Mining/Acara 8 (Deep Learning)/Data/test\test_NA_17479_155_128.tif
275,0.132475883,D:\6_Praktikum/2_Spatial Data Mining/Acara 8 (Deep Learning)/Data/test\test_NA_17480_156_128.tif
276,1.32E-06,D:\6_Praktikum/2_Spatial Data Mining/Acara 8 (Deep Learning)/Data/test\test_NA_17481_157_128.tif
277,1,D:\6_Praktikum/2_Spatial Data Mining/Acara 8 (Deep Learning)/Data/test\test_NA_17482_158_128.tif
278,0.31079334,D:\6_Praktikum/2_Spatial Data Mining/Acara 8 (Deep Learning)/Data/test\test_NA_17483_159_128.tif
279,1,D:\6_Praktikum/2_Spatial Data Mining/Acara 8 (Deep Learning)/Data/test\test_NA_17484_160_128.tif
280,7.74E-09,D:\6_Praktikum/2_Spatial Data Mining/Acara 8 (Deep Learning)/Data/test\test_NA_17485_161_128.tif
281,7.49E-23,D:\6_Praktikum/2_Spatial Data Mining/Acara 8 (Deep Learning)/Data/test\test_NA_17486_162_128.tif
282,1.59E-15,D:\6_Praktikum/2_Spatial Data Mining/Acara 8 (Deep Learning)/Data/test\test_NA_17487_163_128.tif
283,4.38E-36,D:\6_Praktikum/2_Spatial Data Mining/Acara 8 (Deep Learning)/Data/test\test_NA_17488_164_128.tif
284,0.661429286,D:\6_Praktikum/2_Spatial Data Mining/Acara 8 (Deep Learning)/Data/test\test_NA_17489_165_128.tif
285,3.74E-05,D:\6_Praktikum/2_Spatial Data Mining/Acara 8 (Deep Learning)/Data/test\test_NA_17490_166_128.tif
286,4.70E-05,D:\6_Praktikum/2_Spatial Data Mining/Acara 8 (Deep Learning)/Data/test\test_NA_17491_167_128.tif
287,0.002151747,D:\6_Praktikum/2_Spatial Data Mining/Acara 8 (Deep Learning)/Data/test\test_NA_17492_168_128.tif
288,0.551684499,D:\6_Praktikum/2_Spatial Data Mining/Acara 8 (Deep Learning)/Data/test\test_NA_17493_169_128.tif
289,0.009337718,D:\6_Praktikum/2_Spatial Data Mining/Acara 8 (Deep Learning)/Data/test\test_NA_17494_170_128.tif
290,3.68E-07,D:\6_Praktikum/2_Spatial Data Mining/Acara 8 (Deep Learning)/Data/test\test_NA_17495_171_128.tif
291,1,D:\6_Praktikum/2_Spatial Data Mining/Acara 8 (Deep Learning)/Data/test\test_NA_17496_172_128.tif
292,0.000464801,D:\6_Praktikum/2_Spatial Data Mining/Acara 8 (Deep Learning)/Data/test\test_NA_17498_174_128.tif
293,0.378794819,D:\6_Praktikum/2_Spatial Data Mining/Acara 8 (Deep Learning)/Data/test\test_NA_17504_180_128.tif
294,0.032009147,D:\6_Praktikum/2_Spatial Data Mining/Acara 8 (Deep Learning)/Data/test\test_NA_17682_181_128.tif
295,3.39E-15,D:\6_Praktikum/2_Spatial Data Mining/Acara 8 (Deep Learning)/Data/test\test_NA_17683_182_128.tif
296,0.00289878,D:\6_Praktikum/2_Spatial Data Mining/Acara 8 (Deep Learning)/Data/test\test_NA_17684_183_128.tif
297,0.000858142,D:\6_Praktikum/2_Spatial Data Mining/Acara 8 (Deep Learning)/Data/test\test_NA_17685_184_128.tif
298,1.04E-09,D:\6_Praktikum/2_Spatial Data Mining/Acara 8 (Deep Learning)/Data/test\test_NA_17686_185_128.tif
299,0.650097728,D:\6_Praktikum/2_Spatial Data Mining/Acara 8 (Deep Learning)/Data/test\test_NA_17687_186_128.tif
300,0.000157538,D:\6_Praktikum/2_Spatial Data Mining/Acara 8 (Deep Learning)/Data/test\test_NA_17688_187_128.tif
301,0.997469366,D:\6_Praktikum/2_Spatial Data Mining/Acara 8 (Deep Learning)/Data/test\test_NA_17689_188_128.tif
302,0.011489893,D:\6_Praktikum/2_Spatial Data Mining/Acara 8 (Deep Learning)/Data/test\test_NA_17690_189_128.tif
303,1.40E-08,D:\6_Praktikum/2_Spatial Data Mining/Acara 8 (Deep Learning)/Data/test\test_NA_17691_190_128.tif
304,1,D:\6_Praktikum/2_Spatial Data Mining/Acara 8 (Deep Learning)/Data/test\test_NA_17692_191_128.tif
305,0.999896824,D:\6_Praktikum/2_Spatial Data Mining/Acara 8 (Deep Learning)/Data/test\test_NA_17693_192_128.tif
306,2.25E-21,D:\6_Praktikum/2_Spatial Data Mining/Acara 8 (Deep Learning)/Data/test\test_NA_17694_193_128.tif
307,1,D:\6_Praktikum/2_Spatial Data Mining/Acara 8 (Deep Learning)/Data/test\test_NA_17695_194_128.tif
308,1,D:\6_Praktikum/2_Spatial Data Mining/Acara 8 (Deep Learning)/Data/test\test_NA_17696_195_128.tif
309,1,D:\6_Praktikum/2_Spatial Data Mining/Acara 8 (Deep Learning)/Data/test\test_NA_17697_196_128.tif
310,0.026230996,D:\6_Praktikum/2_Spatial Data Mining/Acara 8 (Deep Learning)/Data/test\test_NA_17698_197_128.tif
311,6.83E-15,D:\6_Praktikum/2_Spatial Data Mining/Acara 8 (Deep Learning)/Data/test\test_NA_17699_198_128.tif
312,0.0007709,D:\6_Praktikum/2_Spatial Data Mining/Acara 8 (Deep Learning)/Data/test\test_NA_17700_199_128.tif
313,0.01917281,D:\6_Praktikum/2_Spatial Data Mining/Acara 8 (Deep Learning)/Data/test\test_NA_17701_200_128.tif
314,1,D:\6_Praktikum/2_Spatial Data Mining/Acara 8 (Deep Learning)/Data/test\test_NA_17704_203_128.tif
315,0.040707279,D:\6_Praktikum/2_Spatial Data Mining/Acara 8 (Deep Learning)/Data/test\test_NA_17705_204_128.tif
316,4.96E-09,D:\6_Praktikum/2_Spatial Data Mining/Acara 8 (Deep Learning)/Data/test\test_NA_17706_205_128.tif
317,0.006687638,D:\6_Praktikum/2_Spatial Data Mining/Acara 8 (Deep Learning)/Data/test\test_NA_17708_207_128.tif
318,0.004248968,D:\6_Praktikum/2_Spatial Data Mining/Acara 8 (Deep Learning)/Data/test\test_NA_17709_208_128.tif
319,0.000199246,D:\6_Praktikum/2_Spatial Data Mining/Acara 8 (Deep Learning)/Data/test\test_NA_17711_210_128.tif
320,1,D:\6_Praktikum/2_Spatial Data Mining/Acara 8 (Deep Learning)/Data/test\test_NA_17889_211_128.tif
321,1,D:\6_Praktikum/2_Spatial Data Mining/Acara 8 (Deep Learning)/Data/test\test_NA_17890_212_128.tif
322,2.52E-17,D:\6_Praktikum/2_Spatial Data Mining/Acara 8 (Deep Learning)/Data/test\test_NA_17891_213_128.tif
323,0.999959946,D:\6_Praktikum/2_Spatial Data Mining/Acara 8 (Deep Learning)/Data/test\test_NA_17892_214_128.tif
324,0.974562347,D:\6_Praktikum/2_Spatial Data Mining/Acara 8 (Deep Learning)/Data/test\test_NA_17893_215_128.tif
325,8.49E-06,D:\6_Praktikum/2_Spatial Data Mining/Acara 8 (Deep Learning)/Data/test\test_NA_17894_216_128.tif
326,5.37E-07,D:\6_Praktikum/2_Spatial Data Mining/Acara 8 (Deep Learning)/Data/test\test_NA_17895_217_128.tif
327,7.10E-12,D:\6_Praktikum/2_Spatial Data Mining/Acara 8 (Deep Learning)/Data/test\test_NA_17896_218_128.tif
328,1,D:\6_Praktikum/2_Spatial Data Mining/Acara 8 (Deep Learning)/Data/test\test_NA_17897_219_128.tif
329,0.001856139,D:\6_Praktikum/2_Spatial Data Mining/Acara 8 (Deep Learning)/Data/test\test_NA_17898_220_128.tif
330,0.999997616,D:\6_Praktikum/2_Spatial Data Mining/Acara 8 (Deep Learning)/Data/test\test_NA_17899_221_128.tif
331,2.61E-14,D:\6_Praktikum/2_Spatial Data Mining/Acara 8 (Deep Learning)/Data/test\test_NA_17900_222_128.tif
332,0,D:\6_Praktikum/2_Spatial Data Mining/Acara 8 (Deep Learning)/Data/test\test_NA_17901_223_128.tif
333,1,D:\6_Praktikum/2_Spatial Data Mining/Acara 8 (Deep Learning)/Data/test\test_NA_17902_224_128.tif
334,2.34E-05,D:\6_Praktikum/2_Spatial Data Mining/Acara 8 (Deep Learning)/Data/test\test_NA_17903_225_128.tif
335,3.65E-20,D:\6_Praktikum/2_Spatial Data Mining/Acara 8 (Deep Learning)/Data/test\test_NA_17904_226_128.tif
336,3.04E-10,D:\6_Praktikum/2_Spatial Data Mining/Acara 8 (Deep Learning)/Data/test\test_NA_17905_227_128.tif
337,4.76E-11,D:\6_Praktikum/2_Spatial Data Mining/Acara 8 (Deep Learning)/Data/test\test_NA_17906_228_128.tif
338,0.02411386,D:\6_Praktikum/2_Spatial Data Mining/Acara 8 (Deep Learning)/Data/test\test_NA_17907_229_128.tif
339,0.995055437,D:\6_Praktikum/2_Spatial Data Mining/Acara 8 (Deep Learning)/Data/test\test_NA_17908_230_128.tif
340,0.490378469,D:\6_Praktikum/2_Spatial Data Mining/Acara 8 (Deep Learning)/Data/test\test_NA_17909_231_128.tif
341,0.916185081,D:\6_Praktikum/2_Spatial Data Mining/Acara 8 (Deep Learning)/Data/test\test_NA_17914_236_128.tif
342,8.90E-15,D:\6_Praktikum/2_Spatial Data Mining/Acara 8 (Deep Learning)/Data/test\test_NA_17915_237_128.tif
343,1,D:\6_Praktikum/2_Spatial Data Mining/Acara 8 (Deep Learning)/Data/test\test_NA_17916_238_128.tif
344,3.63E-10,D:\6_Praktikum/2_Spatial Data Mining/Acara 8 (Deep Learning)/Data/test\test_NA_17917_239_128.tif
345,0.993484199,D:\6_Praktikum/2_Spatial Data Mining/Acara 8 (Deep Learning)/Data/test\test_NA_17918_240_128.tif
346,1.15E-26,D:\6_Praktikum/2_Spatial Data Mining/Acara 8 (Deep Learning)/Data/test\test_NA_18096_241_128.tif
347,3.13E-14,D:\6_Praktikum/2_Spatial Data Mining/Acara 8 (Deep Learning)/Data/test\test_NA_18097_242_128.tif
348,1.56E-10,D:\6_Praktikum/2_Spatial Data Mining/Acara 8 (Deep Learning)/Data/test\test_NA_18098_243_128.tif
349,1.17E-10,D:\6_Praktikum/2_Spatial Data Mining/Acara 8 (Deep Learning)/Data/test\test_NA_18099_244_128.tif
350,5.73E-07,D:\6_Praktikum/2_Spatial Data Mining/Acara 8 (Deep Learning)/Data/test\test_NA_18100_245_128.tif
351,1,D:\6_Praktikum/2_Spatial Data Mining/Acara 8 (Deep Learning)/Data/test\test_NA_18101_246_128.tif
352,7.47E-07,D:\6_Praktikum/2_Spatial Data Mining/Acara 8 (Deep Learning)/Data/test\test_NA_18102_247_128.tif
353,2.84E-07,D:\6_Praktikum/2_Spatial Data Mining/Acara 8 (Deep Learning)/Data/test\test_NA_18103_248_128.tif
354,0.912889302,D:\6_Praktikum/2_Spatial Data Mining/Acara 8 (Deep Learning)/Data/test\test_NA_18104_249_128.tif
355,1.20E-25,D:\6_Praktikum/2_Spatial Data Mining/Acara 8 (Deep Learning)/Data/test\test_NA_18105_250_128.tif
356,1.97E-05,D:\6_Praktikum/2_Spatial Data Mining/Acara 8 (Deep Learning)/Data/test\test_NA_18106_251_128.tif
357,3.60E-06,D:\6_Praktikum/2_Spatial Data Mining/Acara 8 (Deep Learning)/Data/test\test_NA_18107_252_128.tif
358,3.43E-10,D:\6_Praktikum/2_Spatial Data Mining/Acara 8 (Deep Learning)/Data/test\test_NA_18108_253_128.tif
359,2.88E-11,D:\6_Praktikum/2_Spatial Data Mining/Acara 8 (Deep Learning)/Data/test\test_NA_18109_254_128.tif
360,1.72E-19,D:\6_Praktikum/2_Spatial Data Mining/Acara 8 (Deep Learning)/Data/test\test_NA_18110_255_128.tif
361,5.34E-11,D:\6_Praktikum/2_Spatial Data Mining/Acara 8 (Deep Learning)/Data/test\test_NA_18111_256_128.tif
362,7.20E-11,D:\6_Praktikum/2_Spatial Data Mining/Acara 8 (Deep Learning)/Data/test\test_NA_18112_257_128.tif
363,1.52E-08,D:\6_Praktikum/2_Spatial Data Mining/Acara 8 (Deep Learning)/Data/test\test_NA_18113_258_128.tif
364,1,D:\6_Praktikum/2_Spatial Data Mining/Acara 8 (Deep Learning)/Data/test\test_NA_18114_259_128.tif
365,9.80E-06,D:\6_Praktikum/2_Spatial Data Mining/Acara 8 (Deep Learning)/Data/test\test_NA_18115_260_128.tif
366,0.026074897,D:\6_Praktikum/2_Spatial Data Mining/Acara 8 (Deep Learning)/Data/test\test_NA_18116_261_128.tif
367,7.47E-05,D:\6_Praktikum/2_Spatial Data Mining/Acara 8 (Deep Learning)/Data/test\test_NA_18122_267_128.tif
368,0.986654818,D:\6_Praktikum/2_Spatial Data Mining/Acara 8 (Deep Learning)/Data/test\test_NA_18123_268_128.tif
369,1.01E-07,D:\6_Praktikum/2_Spatial Data Mining/Acara 8 (Deep Learning)/Data/test\test_NA_18124_269_128.tif
370,7.43E-08,D:\6_Praktikum/2_Spatial Data Mining/Acara 8 (Deep Learning)/Data/test\test_NA_18125_270_128.tif
371,0.000104512,D:\6_Praktikum/2_Spatial Data Mining/Acara 8 (Deep Learning)/Data/test\test_NA_18303_271_128.tif
372,4.33E-09,D:\6_Praktikum/2_Spatial Data Mining/Acara 8 (Deep Learning)/Data/test\test_NA_18304_272_128.tif
373,0.999843776,D:\6_Praktikum/2_Spatial Data Mining/Acara 8 (Deep Learning)/Data/test\test_NA_18305_273_128.tif
374,7.81E-17,D:\6_Praktikum/2_Spatial Data Mining/Acara 8 (Deep Learning)/Data/test\test_NA_18306_274_128.tif
375,5.95E-07,D:\6_Praktikum/2_Spatial Data Mining/Acara 8 (Deep Learning)/Data/test\test_NA_18307_275_128.tif
376,0.001714044,D:\6_Praktikum/2_Spatial Data Mining/Acara 8 (Deep Learning)/Data/test\test_NA_18308_276_128.tif
377,1.77E-06,D:\6_Praktikum/2_Spatial Data Mining/Acara 8 (Deep Learning)/Data/test\test_NA_18309_277_128.tif
378,0.84088856,D:\6_Praktikum/2_Spatial Data Mining/Acara 8 (Deep Learning)/Data/test\test_NA_18310_278_128.tif
379,2.48E-12,D:\6_Praktikum/2_Spatial Data Mining/Acara 8 (Deep Learning)/Data/test\test_NA_18313_281_128.tif
380,0.835186005,D:\6_Praktikum/2_Spatial Data Mining/Acara 8 (Deep Learning)/Data/test\test_NA_18314_282_128.tif
381,5.34E-33,D:\6_Praktikum/2_Spatial Data Mining/Acara 8 (Deep Learning)/Data/test\test_NA_18315_283_128.tif
382,0.995536804,D:\6_Praktikum/2_Spatial Data Mining/Acara 8 (Deep Learning)/Data/test\test_NA_18316_284_128.tif
383,7.50E-24,D:\6_Praktikum/2_Spatial Data Mining/Acara 8 (Deep Learning)/Data/test\test_NA_18317_285_128.tif
384,1.25E-12,D:\6_Praktikum/2_Spatial Data Mining/Acara 8 (Deep Learning)/Data/test\test_NA_18318_286_128.tif
385,6.74E-07,D:\6_Praktikum/2_Spatial Data Mining/Acara 8 (Deep Learning)/Data/test\test_NA_18319_287_128.tif
386,0.360327691,D:\6_Praktikum/2_Spatial Data Mining/Acara 8 (Deep Learning)/Data/test\test_NA_18320_288_128.tif
387,0.721794367,D:\6_Praktikum/2_Spatial Data Mining/Acara 8 (Deep Learning)/Data/test\test_NA_18321_289_128.tif
388,0.000100019,D:\6_Praktikum/2_Spatial Data Mining/Acara 8 (Deep Learning)/Data/test\test_NA_18322_290_128.tif
389,0.993874133,D:\6_Praktikum/2_Spatial Data Mining/Acara 8 (Deep Learning)/Data/test\test_NA_18329_297_128.tif
390,0.999999642,D:\6_Praktikum/2_Spatial Data Mining/Acara 8 (Deep Learning)/Data/test\test_NA_18330_298_128.tif
391,5.37E-06,D:\6_Praktikum/2_Spatial Data Mining/Acara 8 (Deep Learning)/Data/test\test_NA_18331_299_128.tif
392,0.058244329,D:\6_Praktikum/2_Spatial Data Mining/Acara 8 (Deep Learning)/Data/test\test_NA_18332_300_128.tif
393,2.38E-08,D:\6_Praktikum/2_Spatial Data Mining/Acara 8 (Deep Learning)/Data/test\test_NA_18510_301_128.tif
394,0,D:\6_Praktikum/2_Spatial Data Mining/Acara 8 (Deep Learning)/Data/test\test_NA_18511_302_128.tif
395,0.003627622,D:\6_Praktikum/2_Spatial Data Mining/Acara 8 (Deep Learning)/Data/test\test_NA_18512_303_128.tif
396,1,D:\6_Praktikum/2_Spatial Data Mining/Acara 8 (Deep Learning)/Data/test\test_NA_18513_304_128.tif
397,0.150567994,D:\6_Praktikum/2_Spatial Data Mining/Acara 8 (Deep Learning)/Data/test\test_NA_18514_305_128.tif
398,0.357557505,D:\6_Praktikum/2_Spatial Data Mining/Acara 8 (Deep Learning)/Data/test\test_NA_18517_308_128.tif
399,2.90E-05,D:\6_Praktikum/2_Spatial Data Mining/Acara 8 (Deep Learning)/Data/test\test_NA_18518_309_128.tif
400,1,D:\6_Praktikum/2_Spatial Data Mining/Acara 8 (Deep Learning)/Data/test\test_NA_18519_310_128.tif
401,0.002486298,D:\6_Praktikum/2_Spatial Data Mining/Acara 8 (Deep Learning)/Data/test\test_NA_18520_311_128.tif
402,3.98E-12,D:\6_Praktikum/2_Spatial Data Mining/Acara 8 (Deep Learning)/Data/test\test_NA_18522_313_128.tif
403,1.46E-16,D:\6_Praktikum/2_Spatial Data Mining/Acara 8 (Deep Learning)/Data/test\test_NA_18523_314_128.tif
404,0.000629023,D:\6_Praktikum/2_Spatial Data Mining/Acara 8 (Deep Learning)/Data/test\test_NA_18524_315_128.tif
405,2.08E-09,D:\6_Praktikum/2_Spatial Data Mining/Acara 8 (Deep Learning)/Data/test\test_NA_18525_316_128.tif
406,3.68E-06,D:\6_Praktikum/2_Spatial Data Mining/Acara 8 (Deep Learning)/Data/test\test_NA_18526_317_128.tif
407,8.97E-21,D:\6_Praktikum/2_Spatial Data Mining/Acara 8 (Deep Learning)/Data/test\test_NA_18527_318_128.tif
408,0,D:\6_Praktikum/2_Spatial Data Mining/Acara 8 (Deep Learning)/Data/test\test_NA_18528_319_128.tif
409,1,D:\6_Praktikum/2_Spatial Data Mining/Acara 8 (Deep Learning)/Data/test\test_NA_18531_322_128.tif
410,1.72E-10,D:\6_Praktikum/2_Spatial Data Mining/Acara 8 (Deep Learning)/Data/test\test_NA_18536_327_128.tif
411,0.997519374,D:\6_Praktikum/2_Spatial Data Mining/Acara 8 (Deep Learning)/Data/test\test_NA_18537_328_128.tif
412,0.001518128,D:\6_Praktikum/2_Spatial Data Mining/Acara 8 (Deep Learning)/Data/test\test_NA_18538_329_128.tif
413,1,D:\6_Praktikum/2_Spatial Data Mining/Acara 8 (Deep Learning)/Data/test\test_NA_18539_330_128.tif
414,1,D:\6_Praktikum/2_Spatial Data Mining/Acara 8 (Deep Learning)/Data/test\test_NA_18717_331_128.tif
415,0.999836743,D:\6_Praktikum/2_Spatial Data Mining/Acara 8 (Deep Learning)/Data/test\test_NA_18718_332_128.tif
416,0.238132,D:\6_Praktikum/2_Spatial Data Mining/Acara 8 (Deep Learning)/Data/test\test_NA_18719_333_128.tif
417,0.010156184,D:\6_Praktikum/2_Spatial Data Mining/Acara 8 (Deep Learning)/Data/test\test_NA_18720_334_128.tif
418,0.056217421,D:\6_Praktikum/2_Spatial Data Mining/Acara 8 (Deep Learning)/Data/test\test_NA_18721_335_128.tif
419,1.32E-06,D:\6_Praktikum/2_Spatial Data Mining/Acara 8 (Deep Learning)/Data/test\test_NA_18722_336_128.tif
420,0.000239619,D:\6_Praktikum/2_Spatial Data Mining/Acara 8 (Deep Learning)/Data/test\test_NA_18723_337_128.tif
421,0.719111621,D:\6_Praktikum/2_Spatial Data Mining/Acara 8 (Deep Learning)/Data/test\test_NA_18724_338_128.tif
422,3.33E-08,D:\6_Praktikum/2_Spatial Data Mining/Acara 8 (Deep Learning)/Data/test\test_NA_18725_339_128.tif
423,0.008595899,D:\6_Praktikum/2_Spatial Data Mining/Acara 8 (Deep Learning)/Data/test\test_NA_18726_340_128.tif
424,0.643086374,D:\6_Praktikum/2_Spatial Data Mining/Acara 8 (Deep Learning)/Data/test\test_NA_18727_341_128.tif
425,1,D:\6_Praktikum/2_Spatial Data Mining/Acara 8 (Deep Learning)/Data/test\test_NA_18729_343_128.tif
426,2.69E-11,D:\6_Praktikum/2_Spatial Data Mining/Acara 8 (Deep Learning)/Data/test\test_NA_18730_344_128.tif
427,0.999960959,D:\6_Praktikum/2_Spatial Data Mining/Acara 8 (Deep Learning)/Data/test\test_NA_18731_345_128.tif
428,0.131124809,D:\6_Praktikum/2_Spatial Data Mining/Acara 8 (Deep Learning)/Data/test\test_NA_18732_346_128.tif
429,4.75E-09,D:\6_Praktikum/2_Spatial Data Mining/Acara 8 (Deep Learning)/Data/test\test_NA_18733_347_128.tif
430,0.000162011,D:\6_Praktikum/2_Spatial Data Mining/Acara 8 (Deep Learning)/Data/test\test_NA_18734_348_128.tif
431,1,D:\6_Praktikum/2_Spatial Data Mining/Acara 8 (Deep Learning)/Data/test\test_NA_18735_349_128.tif
432,0.017843114,D:\6_Praktikum/2_Spatial Data Mining/Acara 8 (Deep Learning)/Data/test\test_NA_18739_353_128.tif
433,0.942098796,D:\6_Praktikum/2_Spatial Data Mining/Acara 8 (Deep Learning)/Data/test\test_NA_18743_357_128.tif
434,3.58E-06,D:\6_Praktikum/2_Spatial Data Mining/Acara 8 (Deep Learning)/Data/test\test_NA_18744_358_128.tif
435,2.26E-20,D:\6_Praktikum/2_Spatial Data Mining/Acara 8 (Deep Learning)/Data/test\test_NA_18745_359_128.tif
436,6.80E-13,D:\6_Praktikum/2_Spatial Data Mining/Acara 8 (Deep Learning)/Data/test\test_NA_18746_360_128.tif
437,0.99999994,D:\6_Praktikum/2_Spatial Data Mining/Acara 8 (Deep Learning)/Data/test\test_NA_18924_361_128.tif
438,5.99E-05,D:\6_Praktikum/2_Spatial Data Mining/Acara 8 (Deep Learning)/Data/test\test_NA_18925_362_128.tif
439,0.001994665,D:\6_Praktikum/2_Spatial Data Mining/Acara 8 (Deep Learning)/Data/test\test_NA_18926_363_128.tif
440,0.999990284,D:\6_Praktikum/2_Spatial Data Mining/Acara 8 (Deep Learning)/Data/test\test_NA_18927_364_128.tif
441,0.787425578,D:\6_Praktikum/2_Spatial Data Mining/Acara 8 (Deep Learning)/Data/test\test_NA_18928_365_128.tif
442,0.01810479,D:\6_Praktikum/2_Spatial Data Mining/Acara 8 (Deep Learning)/Data/test\test_NA_18929_366_128.tif
443,6.37E-08,D:\6_Praktikum/2_Spatial Data Mining/Acara 8 (Deep Learning)/Data/test\test_NA_18930_367_128.tif
444,0.999816716,D:\6_Praktikum/2_Spatial Data Mining/Acara 8 (Deep Learning)/Data/test\test_NA_18931_368_128.tif
445,4.20E-08,D:\6_Praktikum/2_Spatial Data Mining/Acara 8 (Deep Learning)/Data/test\test_NA_18932_369_128.tif
446,0.024288367,D:\6_Praktikum/2_Spatial Data Mining/Acara 8 (Deep Learning)/Data/test\test_NA_18933_370_128.tif
447,1.37E-14,D:\6_Praktikum/2_Spatial Data Mining/Acara 8 (Deep Learning)/Data/test\test_NA_18934_371_128.tif
448,7.90E-10,D:\6_Praktikum/2_Spatial Data Mining/Acara 8 (Deep Learning)/Data/test\test_NA_18936_373_128.tif
449,3.23E-06,D:\6_Praktikum/2_Spatial Data Mining/Acara 8 (Deep Learning)/Data/test\test_NA_18937_374_128.tif
450,1,D:\6_Praktikum/2_Spatial Data Mining/Acara 8 (Deep Learning)/Data/test\test_NA_18938_375_128.tif
451,1.26E-10,D:\6_Praktikum/2_Spatial Data Mining/Acara 8 (Deep Learning)/Data/test\test_NA_18939_376_128.tif
452,0.693454325,D:\6_Praktikum/2_Spatial Data Mining/Acara 8 (Deep Learning)/Data/test\test_NA_18940_377_128.tif
453,1,D:\6_Praktikum/2_Spatial Data Mining/Acara 8 (Deep Learning)/Data/test\test_NA_18941_378_128.tif
454,0.156463787,D:\6_Praktikum/2_Spatial Data Mining/Acara 8 (Deep Learning)/Data/test\test_NA_18942_379_128.tif
455,0.171091497,D:\6_Praktikum/2_Spatial Data Mining/Acara 8 (Deep Learning)/Data/test\test_NA_18943_380_128.tif
456,0.591402292,D:\6_Praktikum/2_Spatial Data Mining/Acara 8 (Deep Learning)/Data/test\test_NA_18947_384_128.tif
457,0.000819319,D:\6_Praktikum/2_Spatial Data Mining/Acara 8 (Deep Learning)/Data/test\test_NA_18949_386_128.tif
458,4.19E-19,D:\6_Praktikum/2_Spatial Data Mining/Acara 8 (Deep Learning)/Data/test\test_NA_18950_387_128.tif
459,4.52E-12,D:\6_Praktikum/2_Spatial Data Mining/Acara 8 (Deep Learning)/Data/test\test_NA_18951_388_128.tif
460,1,D:\6_Praktikum/2_Spatial Data Mining/Acara 8 (Deep Learning)/Data/test\test_NA_18952_389_128.tif
461,1,D:\6_Praktikum/2_Spatial Data Mining/Acara 8 (Deep Learning)/Data/test\test_NA_18953_390_128.tif
462,0.999261618,D:\6_Praktikum/2_Spatial Data Mining/Acara 8 (Deep Learning)/Data/test\test_NA_19131_391_128.tif
463,7.32E-17,D:\6_Praktikum/2_Spatial Data Mining/Acara 8 (Deep Learning)/Data/test\test_NA_19132_392_128.tif
464,1.19E-21,D:\6_Praktikum/2_Spatial Data Mining/Acara 8 (Deep Learning)/Data/test\test_NA_19133_393_128.tif
465,0.000800458,D:\6_Praktikum/2_Spatial Data Mining/Acara 8 (Deep Learning)/Data/test\test_NA_19134_394_128.tif
466,0.042755023,D:\6_Praktikum/2_Spatial Data Mining/Acara 8 (Deep Learning)/Data/test\test_NA_19135_395_128.tif
467,2.50E-09,D:\6_Praktikum/2_Spatial Data Mining/Acara 8 (Deep Learning)/Data/test\test_NA_19136_396_128.tif
468,0.99999994,D:\6_Praktikum/2_Spatial Data Mining/Acara 8 (Deep Learning)/Data/test\test_NA_19137_397_128.tif
469,4.99E-05,D:\6_Praktikum/2_Spatial Data Mining/Acara 8 (Deep Learning)/Data/test\test_NA_19138_398_128.tif
470,0.017575277,D:\6_Praktikum/2_Spatial Data Mining/Acara 8 (Deep Learning)/Data/test\test_NA_19139_399_128.tif
471,0.088035397,D:\6_Praktikum/2_Spatial Data Mining/Acara 8 (Deep Learning)/Data/test\test_NA_19140_400_128.tif
472,0.000568681,D:\6_Praktikum/2_Spatial Data Mining/Acara 8 (Deep Learning)/Data/test\test_NA_19142_402_128.tif
473,1.16E-09,D:\6_Praktikum/2_Spatial Data Mining/Acara 8 (Deep Learning)/Data/test\test_NA_19143_403_128.tif
474,0.999999881,D:\6_Praktikum/2_Spatial Data Mining/Acara 8 (Deep Learning)/Data/test\test_NA_19144_404_128.tif
475,1,D:\6_Praktikum/2_Spatial Data Mining/Acara 8 (Deep Learning)/Data/test\test_NA_19145_405_128.tif
476,0.999948978,D:\6_Praktikum/2_Spatial Data Mining/Acara 8 (Deep Learning)/Data/test\test_NA_19146_406_128.tif
477,4.43E-22,D:\6_Praktikum/2_Spatial Data Mining/Acara 8 (Deep Learning)/Data/test\test_NA_19147_407_128.tif
478,6.82E-14,D:\6_Praktikum/2_Spatial Data Mining/Acara 8 (Deep Learning)/Data/test\test_NA_19148_408_128.tif
479,0.000181064,D:\6_Praktikum/2_Spatial Data Mining/Acara 8 (Deep Learning)/Data/test\test_NA_19149_409_128.tif
480,0.999991775,D:\6_Praktikum/2_Spatial Data Mining/Acara 8 (Deep Learning)/Data/test\test_NA_19150_410_128.tif
481,0.002845541,D:\6_Praktikum/2_Spatial Data Mining/Acara 8 (Deep Learning)/Data/test\test_NA_19153_413_128.tif
482,0.999999464,D:\6_Praktikum/2_Spatial Data Mining/Acara 8 (Deep Learning)/Data/test\test_NA_19156_416_128.tif
483,1.10E-11,D:\6_Praktikum/2_Spatial Data Mining/Acara 8 (Deep Learning)/Data/test\test_NA_19157_417_128.tif
484,1.77E-09,D:\6_Praktikum/2_Spatial Data Mining/Acara 8 (Deep Learning)/Data/test\test_NA_19158_418_128.tif
485,0.663416326,D:\6_Praktikum/2_Spatial Data Mining/Acara 8 (Deep Learning)/Data/test\test_NA_19159_419_128.tif
486,1.51E-06,D:\6_Praktikum/2_Spatial Data Mining/Acara 8 (Deep Learning)/Data/test\test_NA_19160_420_128.tif
487,0.999515295,D:\6_Praktikum/2_Spatial Data Mining/Acara 8 (Deep Learning)/Data/test\test_NA_19338_421_128.tif
488,0.005357782,D:\6_Praktikum/2_Spatial Data Mining/Acara 8 (Deep Learning)/Data/test\test_NA_19339_422_128.tif
489,7.09E-05,D:\6_Praktikum/2_Spatial Data Mining/Acara 8 (Deep Learning)/Data/test\test_NA_19340_423_128.tif
490,0.003382978,D:\6_Praktikum/2_Spatial Data Mining/Acara 8 (Deep Learning)/Data/test\test_NA_19341_424_128.tif
491,6.81E-06,D:\6_Praktikum/2_Spatial Data Mining/Acara 8 (Deep Learning)/Data/test\test_NA_19342_425_128.tif
492,0.996842265,D:\6_Praktikum/2_Spatial Data Mining/Acara 8 (Deep Learning)/Data/test\test_NA_19343_426_128.tif
493,0.999800861,D:\6_Praktikum/2_Spatial Data Mining/Acara 8 (Deep Learning)/Data/test\test_NA_19344_427_128.tif
494,0.000113143,D:\6_Praktikum/2_Spatial Data Mining/Acara 8 (Deep Learning)/Data/test\test_NA_19345_428_128.tif
495,0.000437454,D:\6_Praktikum/2_Spatial Data Mining/Acara 8 (Deep Learning)/Data/test\test_NA_19346_429_128.tif
496,1,D:\6_Praktikum/2_Spatial Data Mining/Acara 8 (Deep Learning)/Data/test\test_NA_19347_430_128.tif
497,0.052001942,D:\6_Praktikum/2_Spatial Data Mining/Acara 8 (Deep Learning)/Data/test\test_NA_19348_431_128.tif
498,0.067676514,D:\6_Praktikum/2_Spatial Data Mining/Acara 8 (Deep Learning)/Data/test\test_NA_19349_432_128.tif
499,7.69E-15,D:\6_Praktikum/2_Spatial Data Mining/Acara 8 (Deep Learning)/Data/test\test_NA_19350_433_128.tif
500,0.998167872,D:\6_Praktikum/2_Spatial Data Mining/Acara 8 (Deep Learning)/Data/test\test_NA_19351_434_128.tif
501,0.101548068,D:\6_Praktikum/2_Spatial Data Mining/Acara 8 (Deep Learning)/Data/test\test_NA_19352_435_128.tif
502,0.007512594,D:\6_Praktikum/2_Spatial Data Mining/Acara 8 (Deep Learning)/Data/test\test_NA_19353_436_128.tif
503,2.15E-16,D:\6_Praktikum/2_Spatial Data Mining/Acara 8 (Deep Learning)/Data/test\test_NA_19354_437_128.tif
504,0.000170544,D:\6_Praktikum/2_Spatial Data Mining/Acara 8 (Deep Learning)/Data/test\test_NA_19355_438_128.tif
505,6.53E-23,D:\6_Praktikum/2_Spatial Data Mining/Acara 8 (Deep Learning)/Data/test\test_NA_19356_439_128.tif
506,0.001193766,D:\6_Praktikum/2_Spatial Data Mining/Acara 8 (Deep Learning)/Data/test\test_NA_19357_440_128.tif
507,0.999126136,D:\6_Praktikum/2_Spatial Data Mining/Acara 8 (Deep Learning)/Data/test\test_NA_19363_446_128.tif
508,0.006346348,D:\6_Praktikum/2_Spatial Data Mining/Acara 8 (Deep Learning)/Data/test\test_NA_19364_447_128.tif
509,0.891802251,D:\6_Praktikum/2_Spatial Data Mining/Acara 8 (Deep Learning)/Data/test\test_NA_19365_448_128.tif
510,0.999968588,D:\6_Praktikum/2_Spatial Data Mining/Acara 8 (Deep Learning)/Data/test\test_NA_19366_449_128.tif
511,7.44E-06,D:\6_Praktikum/2_Spatial Data Mining/Acara 8 (Deep Learning)/Data/test\test_NA_19367_450_128.tif
512,1.90E-19,D:\6_Praktikum/2_Spatial Data Mining/Acara 8 (Deep Learning)/Data/test\test_NA_19545_451_128.tif
513,3.42E-11,D:\6_Praktikum/2_Spatial Data Mining/Acara 8 (Deep Learning)/Data/test\test_NA_19546_452_128.tif
514,0.125601843,D:\6_Praktikum/2_Spatial Data Mining/Acara 8 (Deep Learning)/Data/test\test_NA_19547_453_128.tif
515,2.69E-09,D:\6_Praktikum/2_Spatial Data Mining/Acara 8 (Deep Learning)/Data/test\test_NA_19548_454_128.tif
516,0.919691563,D:\6_Praktikum/2_Spatial Data Mining/Acara 8 (Deep Learning)/Data/test\test_NA_19549_455_128.tif
517,0.994733751,D:\6_Praktikum/2_Spatial Data Mining/Acara 8 (Deep Learning)/Data/test\test_NA_19550_456_128.tif
518,1.11E-09,D:\6_Praktikum/2_Spatial Data Mining/Acara 8 (Deep Learning)/Data/test\test_NA_19551_457_128.tif
519,0.960427999,D:\6_Praktikum/2_Spatial Data Mining/Acara 8 (Deep Learning)/Data/test\test_NA_19552_458_128.tif
520,0.131097674,D:\6_Praktikum/2_Spatial Data Mining/Acara 8 (Deep Learning)/Data/test\test_NA_19553_459_128.tif
521,0.520601451,D:\6_Praktikum/2_Spatial Data Mining/Acara 8 (Deep Learning)/Data/test\test_NA_19554_460_128.tif
522,0.094084017,D:\6_Praktikum/2_Spatial Data Mining/Acara 8 (Deep Learning)/Data/test\test_NA_19555_461_128.tif
523,1.86E-11,D:\6_Praktikum/2_Spatial Data Mining/Acara 8 (Deep Learning)/Data/test\test_NA_19556_462_128.tif
524,0.999946058,D:\6_Praktikum/2_Spatial Data Mining/Acara 8 (Deep Learning)/Data/test\test_NA_19557_463_128.tif
525,3.11E-21,D:\6_Praktikum/2_Spatial Data Mining/Acara 8 (Deep Learning)/Data/test\test_NA_19558_464_128.tif
526,1.34E-06,D:\6_Praktikum/2_Spatial Data Mining/Acara 8 (Deep Learning)/Data/test\test_NA_19559_465_128.tif
527,1,D:\6_Praktikum/2_Spatial Data Mining/Acara 8 (Deep Learning)/Data/test\test_NA_19560_466_128.tif
528,3.72E-14,D:\6_Praktikum/2_Spatial Data Mining/Acara 8 (Deep Learning)/Data/test\test_NA_19561_467_128.tif
529,3.70E-07,D:\6_Praktikum/2_Spatial Data Mining/Acara 8 (Deep Learning)/Data/test\test_NA_19562_468_128.tif
530,1.42E-07,D:\6_Praktikum/2_Spatial Data Mining/Acara 8 (Deep Learning)/Data/test\test_NA_19563_469_128.tif
531,0.999511003,D:\6_Praktikum/2_Spatial Data Mining/Acara 8 (Deep Learning)/Data/test\test_NA_19564_470_128.tif
532,0.999999344,D:\6_Praktikum/2_Spatial Data Mining/Acara 8 (Deep Learning)/Data/test\test_NA_19570_476_128.tif
533,1,D:\6_Praktikum/2_Spatial Data Mining/Acara 8 (Deep Learning)/Data/test\test_NA_19571_477_128.tif
534,0.99999994,D:\6_Praktikum/2_Spatial Data Mining/Acara 8 (Deep Learning)/Data/test\test_NA_19572_478_128.tif
535,0.000983716,D:\6_Praktikum/2_Spatial Data Mining/Acara 8 (Deep Learning)/Data/test\test_NA_19573_479_128.tif
536,1.67E-10,D:\6_Praktikum/2_Spatial Data Mining/Acara 8 (Deep Learning)/Data/test\test_NA_19574_480_128.tif
537,0,D:\6_Praktikum/2_Spatial Data Mining/Acara 8 (Deep Learning)/Data/test\test_NA_19752_481_128.tif
538,1,D:\6_Praktikum/2_Spatial Data Mining/Acara 8 (Deep Learning)/Data/test\test_NA_19753_482_128.tif
539,1.18E-05,D:\6_Praktikum/2_Spatial Data Mining/Acara 8 (Deep Learning)/Data/test\test_NA_19754_483_128.tif
540,0.088788919,D:\6_Praktikum/2_Spatial Data Mining/Acara 8 (Deep Learning)/Data/test\test_NA_19755_484_128.tif
541,0.999999881,D:\6_Praktikum/2_Spatial Data Mining/Acara 8 (Deep Learning)/Data/test\test_NA_19756_485_128.tif
542,1,D:\6_Praktikum/2_Spatial Data Mining/Acara 8 (Deep Learning)/Data/test\test_NA_19757_486_128.tif
543,4.61E-21,D:\6_Praktikum/2_Spatial Data Mining/Acara 8 (Deep Learning)/Data/test\test_NA_19758_487_128.tif
544,0.000209479,D:\6_Praktikum/2_Spatial Data Mining/Acara 8 (Deep Learning)/Data/test\test_NA_19759_488_128.tif
545,7.18E-23,D:\6_Praktikum/2_Spatial Data Mining/Acara 8 (Deep Learning)/Data/test\test_NA_19761_490_128.tif
546,0.999987245,D:\6_Praktikum/2_Spatial Data Mining/Acara 8 (Deep Learning)/Data/test\test_NA_19762_491_128.tif
547,3.32E-08,D:\6_Praktikum/2_Spatial Data Mining/Acara 8 (Deep Learning)/Data/test\test_NA_19763_492_128.tif
548,3.88E-19,D:\6_Praktikum/2_Spatial Data Mining/Acara 8 (Deep Learning)/Data/test\test_NA_19764_493_128.tif
549,0.011328004,D:\6_Praktikum/2_Spatial Data Mining/Acara 8 (Deep Learning)/Data/test\test_NA_19765_494_128.tif
550,1,D:\6_Praktikum/2_Spatial Data Mining/Acara 8 (Deep Learning)/Data/test\test_NA_19766_495_128.tif
551,1,D:\6_Praktikum/2_Spatial Data Mining/Acara 8 (Deep Learning)/Data/test\test_NA_19767_496_128.tif
552,7.99E-14,D:\6_Praktikum/2_Spatial Data Mining/Acara 8 (Deep Learning)/Data/test\test_NA_19768_497_128.tif
553,1.40E-08,D:\6_Praktikum/2_Spatial Data Mining/Acara 8 (Deep Learning)/Data/test\test_NA_19769_498_128.tif
554,1,D:\6_Praktikum/2_Spatial Data Mining/Acara 8 (Deep Learning)/Data/test\test_NA_19770_499_128.tif
555,0.004141591,D:\6_Praktikum/2_Spatial Data Mining/Acara 8 (Deep Learning)/Data/test\test_NA_19771_500_128.tif
556,0.063510515,D:\6_Praktikum/2_Spatial Data Mining/Acara 8 (Deep Learning)/Data/test\test_NA_19773_502_128.tif
557,0.001204811,D:\6_Praktikum/2_Spatial Data Mining/Acara 8 (Deep Learning)/Data/test\test_NA_19779_508_128.tif
558,1,D:\6_Praktikum/2_Spatial Data Mining/Acara 8 (Deep Learning)/Data/test\test_NA_19780_509_128.tif
559,2.55E-06,D:\6_Praktikum/2_Spatial Data Mining/Acara 8 (Deep Learning)/Data/test\test_NA_19781_510_128.tif
560,0.99995774,D:\6_Praktikum/2_Spatial Data Mining/Acara 8 (Deep Learning)/Data/test\test_NA_19959_511_128.tif
561,7.61E-10,D:\6_Praktikum/2_Spatial Data Mining/Acara 8 (Deep Learning)/Data/test\test_NA_19960_512_128.tif
562,1,D:\6_Praktikum/2_Spatial Data Mining/Acara 8 (Deep Learning)/Data/test\test_NA_19961_513_128.tif
563,1,D:\6_Praktikum/2_Spatial Data Mining/Acara 8 (Deep Learning)/Data/test\test_NA_19962_514_128.tif
564,1,D:\6_Praktikum/2_Spatial Data Mining/Acara 8 (Deep Learning)/Data/test\test_NA_19963_515_128.tif
565,4.36E-18,D:\6_Praktikum/2_Spatial Data Mining/Acara 8 (Deep Learning)/Data/test\test_NA_19964_516_128.tif
566,1.01E-10,D:\6_Praktikum/2_Spatial Data Mining/Acara 8 (Deep Learning)/Data/test\test_NA_19965_517_128.tif
567,0.000641357,D:\6_Praktikum/2_Spatial Data Mining/Acara 8 (Deep Learning)/Data/test\test_NA_19966_518_128.tif
568,1,D:\6_Praktikum/2_Spatial Data Mining/Acara 8 (Deep Learning)/Data/test\test_NA_19968_520_128.tif
569,4.64E-29,D:\6_Praktikum/2_Spatial Data Mining/Acara 8 (Deep Learning)/Data/test\test_NA_19969_521_128.tif
570,1,D:\6_Praktikum/2_Spatial Data Mining/Acara 8 (Deep Learning)/Data/test\test_NA_19970_522_128.tif
571,1,D:\6_Praktikum/2_Spatial Data Mining/Acara 8 (Deep Learning)/Data/test\test_NA_19971_523_128.tif
572,6.84E-25,D:\6_Praktikum/2_Spatial Data Mining/Acara 8 (Deep Learning)/Data/test\test_NA_19972_524_128.tif
573,0.332915038,D:\6_Praktikum/2_Spatial Data Mining/Acara 8 (Deep Learning)/Data/test\test_NA_19973_525_128.tif
574,0.999999821,D:\6_Praktikum/2_Spatial Data Mining/Acara 8 (Deep Learning)/Data/test\test_NA_19974_526_128.tif
575,4.10E-10,D:\6_Praktikum/2_Spatial Data Mining/Acara 8 (Deep Learning)/Data/test\test_NA_19975_527_128.tif
576,0.000196682,D:\6_Praktikum/2_Spatial Data Mining/Acara 8 (Deep Learning)/Data/test\test_NA_19976_528_128.tif
577,4.02E-05,D:\6_Praktikum/2_Spatial Data Mining/Acara 8 (Deep Learning)/Data/test\test_NA_19977_529_128.tif
578,0.011381286,D:\6_Praktikum/2_Spatial Data Mining/Acara 8 (Deep Learning)/Data/test\test_NA_19978_530_128.tif
579,5.90E-10,D:\6_Praktikum/2_Spatial Data Mining/Acara 8 (Deep Learning)/Data/test\test_NA_19987_539_128.tif
580,7.68E-17,D:\6_Praktikum/2_Spatial Data Mining/Acara 8 (Deep Learning)/Data/test\test_NA_19988_540_128.tif
581,6.62E-06,D:\6_Praktikum/2_Spatial Data Mining/Acara 8 (Deep Learning)/Data/test\test_NA_20166_541_128.tif
582,0.000101407,D:\6_Praktikum/2_Spatial Data Mining/Acara 8 (Deep Learning)/Data/test\test_NA_20167_542_128.tif
583,1,D:\6_Praktikum/2_Spatial Data Mining/Acara 8 (Deep Learning)/Data/test\test_NA_20168_543_128.tif
584,1,D:\6_Praktikum/2_Spatial Data Mining/Acara 8 (Deep Learning)/Data/test\test_NA_20169_544_128.tif
585,1.16E-14,D:\6_Praktikum/2_Spatial Data Mining/Acara 8 (Deep Learning)/Data/test\test_NA_20170_545_128.tif
586,7.76E-11,D:\6_Praktikum/2_Spatial Data Mining/Acara 8 (Deep Learning)/Data/test\test_NA_20171_546_128.tif
587,1.46E-06,D:\6_Praktikum/2_Spatial Data Mining/Acara 8 (Deep Learning)/Data/test\test_NA_20172_547_128.tif
588,1,D:\6_Praktikum/2_Spatial Data Mining/Acara 8 (Deep Learning)/Data/test\test_NA_20173_548_128.tif
589,6.68E-17,D:\6_Praktikum/2_Spatial Data Mining/Acara 8 (Deep Learning)/Data/test\test_NA_20176_551_128.tif
590,0.996945918,D:\6_Praktikum/2_Spatial Data Mining/Acara 8 (Deep Learning)/Data/test\test_NA_20177_552_128.tif
591,5.24E-07,D:\6_Praktikum/2_Spatial Data Mining/Acara 8 (Deep Learning)/Data/test\test_NA_20178_553_128.tif
592,7.52E-10,D:\6_Praktikum/2_Spatial Data Mining/Acara 8 (Deep Learning)/Data/test\test_NA_20179_554_128.tif
593,4.60E-16,D:\6_Praktikum/2_Spatial Data Mining/Acara 8 (Deep Learning)/Data/test\test_NA_20180_555_128.tif
594,0.984042227,D:\6_Praktikum/2_Spatial Data Mining/Acara 8 (Deep Learning)/Data/test\test_NA_20181_556_128.tif
595,0.593885958,D:\6_Praktikum/2_Spatial Data Mining/Acara 8 (Deep Learning)/Data/test\test_NA_20182_557_128.tif
596,0.205853865,D:\6_Praktikum/2_Spatial Data Mining/Acara 8 (Deep Learning)/Data/test\test_NA_20183_558_128.tif
597,0.879543424,D:\6_Praktikum/2_Spatial Data Mining/Acara 8 (Deep Learning)/Data/test\test_NA_20184_559_128.tif
598,0.035876356,D:\6_Praktikum/2_Spatial Data Mining/Acara 8 (Deep Learning)/Data/test\test_NA_20185_560_128.tif
599,0.48463881,D:\6_Praktikum/2_Spatial Data Mining/Acara 8 (Deep Learning)/Data/test\test_NA_20186_561_128.tif
600,1,D:\6_Praktikum/2_Spatial Data Mining/Acara 8 (Deep Learning)/Data/test\test_NA_20187_562_128.tif
601,3.21E-07,D:\6_Praktikum/2_Spatial Data Mining/Acara 8 (Deep Learning)/Data/test\test_NA_20195_570_128.tif
602,3.68E-12,D:\6_Praktikum/2_Spatial Data Mining/Acara 8 (Deep Learning)/Data/test\test_NA_20373_571_128.tif
603,1,D:\6_Praktikum/2_Spatial Data Mining/Acara 8 (Deep Learning)/Data/test\test_NA_20374_572_128.tif
604,0,D:\6_Praktikum/2_Spatial Data Mining/Acara 8 (Deep Learning)/Data/test\test_NA_20375_573_128.tif
605,4.42E-05,D:\6_Praktikum/2_Spatial Data Mining/Acara 8 (Deep Learning)/Data/test\test_NA_20376_574_128.tif
606,3.75E-05,D:\6_Praktikum/2_Spatial Data Mining/Acara 8 (Deep Learning)/Data/test\test_NA_20377_575_128.tif
607,2.73E-22,D:\6_Praktikum/2_Spatial Data Mining/Acara 8 (Deep Learning)/Data/test\test_NA_20378_576_128.tif
608,0.983783007,D:\6_Praktikum/2_Spatial Data Mining/Acara 8 (Deep Learning)/Data/test\test_NA_20379_577_128.tif
609,9.15E-14,D:\6_Praktikum/2_Spatial Data Mining/Acara 8 (Deep Learning)/Data/test\test_NA_20381_579_128.tif
610,1,D:\6_Praktikum/2_Spatial Data Mining/Acara 8 (Deep Learning)/Data/test\test_NA_20383_581_128.tif
611,1,D:\6_Praktikum/2_Spatial Data Mining/Acara 8 (Deep Learning)/Data/test\test_NA_20384_582_128.tif
612,3.27E-07,D:\6_Praktikum/2_Spatial Data Mining/Acara 8 (Deep Learning)/Data/test\test_NA_20385_583_128.tif
613,6.82E-18,D:\6_Praktikum/2_Spatial Data Mining/Acara 8 (Deep Learning)/Data/test\test_NA_20386_584_128.tif
614,1.09E-12,D:\6_Praktikum/2_Spatial Data Mining/Acara 8 (Deep Learning)/Data/test\test_NA_20387_585_128.tif
615,0.995705485,D:\6_Praktikum/2_Spatial Data Mining/Acara 8 (Deep Learning)/Data/test\test_NA_20388_586_128.tif
616,0.999997497,D:\6_Praktikum/2_Spatial Data Mining/Acara 8 (Deep Learning)/Data/test\test_NA_20389_587_128.tif
617,7.33E-06,D:\6_Praktikum/2_Spatial Data Mining/Acara 8 (Deep Learning)/Data/test\test_NA_20390_588_128.tif
618,8.26E-06,D:\6_Praktikum/2_Spatial Data Mining/Acara 8 (Deep Learning)/Data/test\test_NA_20391_589_128.tif
619,6.55E-06,D:\6_Praktikum/2_Spatial Data Mining/Acara 8 (Deep Learning)/Data/test\test_NA_20392_590_128.tif
620,0.982754946,D:\6_Praktikum/2_Spatial Data Mining/Acara 8 (Deep Learning)/Data/test\test_NA_20393_591_128.tif
621,1.25E-17,D:\6_Praktikum/2_Spatial Data Mining/Acara 8 (Deep Learning)/Data/test\test_NA_20394_592_128.tif
622,0.00467798,D:\6_Praktikum/2_Spatial Data Mining/Acara 8 (Deep Learning)/Data/test\test_NA_20402_600_128.tif
623,0.999999881,D:\6_Praktikum/2_Spatial Data Mining/Acara 8 (Deep Learning)/Data/test\test_NA_20580_601_128.tif
624,7.38E-08,D:\6_Praktikum/2_Spatial Data Mining/Acara 8 (Deep Learning)/Data/test\test_NA_20581_602_128.tif
625,8.32E-09,D:\6_Praktikum/2_Spatial Data Mining/Acara 8 (Deep Learning)/Data/test\test_NA_20582_603_128.tif
626,2.72E-25,D:\6_Praktikum/2_Spatial Data Mining/Acara 8 (Deep Learning)/Data/test\test_NA_20583_604_128.tif
627,0.001013802,D:\6_Praktikum/2_Spatial Data Mining/Acara 8 (Deep Learning)/Data/test\test_NA_20584_605_128.tif
628,1,D:\6_Praktikum/2_Spatial Data Mining/Acara 8 (Deep Learning)/Data/test\test_NA_20585_606_128.tif
629,0.003135968,D:\6_Praktikum/2_Spatial Data Mining/Acara 8 (Deep Learning)/Data/test\test_NA_20588_609_128.tif
630,0.000194461,D:\6_Praktikum/2_Spatial Data Mining/Acara 8 (Deep Learning)/Data/test\test_NA_20590_611_128.tif
631,1,D:\6_Praktikum/2_Spatial Data Mining/Acara 8 (Deep Learning)/Data/test\test_NA_20591_612_128.tif
632,0.999995053,D:\6_Praktikum/2_Spatial Data Mining/Acara 8 (Deep Learning)/Data/test\test_NA_20592_613_128.tif
633,1,D:\6_Praktikum/2_Spatial Data Mining/Acara 8 (Deep Learning)/Data/test\test_NA_20593_614_128.tif
634,0.99768728,D:\6_Praktikum/2_Spatial Data Mining/Acara 8 (Deep Learning)/Data/test\test_NA_20594_615_128.tif
635,1.25E-07,D:\6_Praktikum/2_Spatial Data Mining/Acara 8 (Deep Learning)/Data/test\test_NA_20595_616_128.tif
636,7.14E-11,D:\6_Praktikum/2_Spatial Data Mining/Acara 8 (Deep Learning)/Data/test\test_NA_20596_617_128.tif
637,0.005272546,D:\6_Praktikum/2_Spatial Data Mining/Acara 8 (Deep Learning)/Data/test\test_NA_20597_618_128.tif
638,3.24E-12,D:\6_Praktikum/2_Spatial Data Mining/Acara 8 (Deep Learning)/Data/test\test_NA_20598_619_128.tif
639,0.00254294,D:\6_Praktikum/2_Spatial Data Mining/Acara 8 (Deep Learning)/Data/test\test_NA_20599_620_128.tif
640,1.89E-09,D:\6_Praktikum/2_Spatial Data Mining/Acara 8 (Deep Learning)/Data/test\test_NA_20600_621_128.tif
641,5.04E-05,D:\6_Praktikum/2_Spatial Data Mining/Acara 8 (Deep Learning)/Data/test\test_NA_20601_622_128.tif
642,1,D:\6_Praktikum/2_Spatial Data Mining/Acara 8 (Deep Learning)/Data/test\test_NA_20602_623_128.tif
643,1,D:\6_Praktikum/2_Spatial Data Mining/Acara 8 (Deep Learning)/Data/test\test_NA_20603_624_128.tif
644,0.000837688,D:\6_Praktikum/2_Spatial Data Mining/Acara 8 (Deep Learning)/Data/test\test_NA_20604_625_128.tif
645,1.42E-16,D:\6_Praktikum/2_Spatial Data Mining/Acara 8 (Deep Learning)/Data/test\test_NA_20609_630_128.tif
646,0.997112155,D:\6_Praktikum/2_Spatial Data Mining/Acara 8 (Deep Learning)/Data/test\test_NA_20787_631_128.tif
647,0.997461975,D:\6_Praktikum/2_Spatial Data Mining/Acara 8 (Deep Learning)/Data/test\test_NA_20788_632_128.tif
648,1,D:\6_Praktikum/2_Spatial Data Mining/Acara 8 (Deep Learning)/Data/test\test_NA_20789_633_128.tif
649,2.97E-08,D:\6_Praktikum/2_Spatial Data Mining/Acara 8 (Deep Learning)/Data/test\test_NA_20790_634_128.tif
650,1,D:\6_Praktikum/2_Spatial Data Mining/Acara 8 (Deep Learning)/Data/test\test_NA_20791_635_128.tif
651,0.999971271,D:\6_Praktikum/2_Spatial Data Mining/Acara 8 (Deep Learning)/Data/test\test_NA_20794_638_128.tif
652,0.121836334,D:\6_Praktikum/2_Spatial Data Mining/Acara 8 (Deep Learning)/Data/test\test_NA_20795_639_128.tif
653,0.008285456,D:\6_Praktikum/2_Spatial Data Mining/Acara 8 (Deep Learning)/Data/test\test_NA_20796_640_128.tif
654,3.22E-06,D:\6_Praktikum/2_Spatial Data Mining/Acara 8 (Deep Learning)/Data/test\test_NA_20797_641_128.tif
655,0.000227569,D:\6_Praktikum/2_Spatial Data Mining/Acara 8 (Deep Learning)/Data/test\test_NA_20798_642_128.tif
656,0.999528587,D:\6_Praktikum/2_Spatial Data Mining/Acara 8 (Deep Learning)/Data/test\test_NA_20799_643_128.tif
657,1.06E-25,D:\6_Praktikum/2_Spatial Data Mining/Acara 8 (Deep Learning)/Data/test\test_NA_20800_644_128.tif
658,7.40E-17,D:\6_Praktikum/2_Spatial Data Mining/Acara 8 (Deep Learning)/Data/test\test_NA_20801_645_128.tif
659,2.30E-06,D:\6_Praktikum/2_Spatial Data Mining/Acara 8 (Deep Learning)/Data/test\test_NA_20802_646_128.tif
660,1,D:\6_Praktikum/2_Spatial Data Mining/Acara 8 (Deep Learning)/Data/test\test_NA_20803_647_128.tif
661,0.005359889,D:\6_Praktikum/2_Spatial Data Mining/Acara 8 (Deep Learning)/Data/test\test_NA_20804_648_128.tif
662,5.58E-06,D:\6_Praktikum/2_Spatial Data Mining/Acara 8 (Deep Learning)/Data/test\test_NA_20805_649_128.tif
663,9.85E-09,D:\6_Praktikum/2_Spatial Data Mining/Acara 8 (Deep Learning)/Data/test\test_NA_20806_650_128.tif
664,3.92E-06,D:\6_Praktikum/2_Spatial Data Mining/Acara 8 (Deep Learning)/Data/test\test_NA_20807_651_128.tif
665,3.22E-10,D:\6_Praktikum/2_Spatial Data Mining/Acara 8 (Deep Learning)/Data/test\test_NA_20808_652_128.tif
666,1.55E-06,D:\6_Praktikum/2_Spatial Data Mining/Acara 8 (Deep Learning)/Data/test\test_NA_20809_653_128.tif
667,2.01E-05,D:\6_Praktikum/2_Spatial Data Mining/Acara 8 (Deep Learning)/Data/test\test_NA_20810_654_128.tif
668,0.507670164,D:\6_Praktikum/2_Spatial Data Mining/Acara 8 (Deep Learning)/Data/test\test_NA_20811_655_128.tif
669,1,D:\6_Praktikum/2_Spatial Data Mining/Acara 8 (Deep Learning)/Data/test\test_NA_20816_660_128.tif
670,3.19E-14,D:\6_Praktikum/2_Spatial Data Mining/Acara 8 (Deep Learning)/Data/test\test_NA_20994_661_128.tif
671,5.40E-27,D:\6_Praktikum/2_Spatial Data Mining/Acara 8 (Deep Learning)/Data/test\test_NA_20995_662_128.tif
672,3.50E-23,D:\6_Praktikum/2_Spatial Data Mining/Acara 8 (Deep Learning)/Data/test\test_NA_20996_663_128.tif
673,3.75E-14,D:\6_Praktikum/2_Spatial Data Mining/Acara 8 (Deep Learning)/Data/test\test_NA_20997_664_128.tif
674,1,D:\6_Praktikum/2_Spatial Data Mining/Acara 8 (Deep Learning)/Data/test\test_NA_20998_665_128.tif
675,1,D:\6_Praktikum/2_Spatial Data Mining/Acara 8 (Deep Learning)/Data/test\test_NA_20999_666_128.tif
676,0.000473978,D:\6_Praktikum/2_Spatial Data Mining/Acara 8 (Deep Learning)/Data/test\test_NA_21000_667_128.tif
677,2.21E-08,D:\6_Praktikum/2_Spatial Data Mining/Acara 8 (Deep Learning)/Data/test\test_NA_21001_668_128.tif
678,0.881644666,D:\6_Praktikum/2_Spatial Data Mining/Acara 8 (Deep Learning)/Data/test\test_NA_21002_669_128.tif
679,0.999996126,D:\6_Praktikum/2_Spatial Data Mining/Acara 8 (Deep Learning)/Data/test\test_NA_21003_670_128.tif
680,7.53E-13,D:\6_Praktikum/2_Spatial Data Mining/Acara 8 (Deep Learning)/Data/test\test_NA_21004_671_128.tif
681,2.14E-11,D:\6_Praktikum/2_Spatial Data Mining/Acara 8 (Deep Learning)/Data/test\test_NA_21005_672_128.tif
682,3.68E-10,D:\6_Praktikum/2_Spatial Data Mining/Acara 8 (Deep Learning)/Data/test\test_NA_21006_673_128.tif
683,0.743057966,D:\6_Praktikum/2_Spatial Data Mining/Acara 8 (Deep Learning)/Data/test\test_NA_21007_674_128.tif
684,5.08E-06,D:\6_Praktikum/2_Spatial Data Mining/Acara 8 (Deep Learning)/Data/test\test_NA_21008_675_128.tif
685,5.80E-10,D:\6_Praktikum/2_Spatial Data Mining/Acara 8 (Deep Learning)/Data/test\test_NA_21009_676_128.tif
686,0.004436416,D:\6_Praktikum/2_Spatial Data Mining/Acara 8 (Deep Learning)/Data/test\test_NA_21010_677_128.tif
687,6.88E-10,D:\6_Praktikum/2_Spatial Data Mining/Acara 8 (Deep Learning)/Data/test\test_NA_21011_678_128.tif
688,2.91E-07,D:\6_Praktikum/2_Spatial Data Mining/Acara 8 (Deep Learning)/Data/test\test_NA_21012_679_128.tif
689,0.005559831,D:\6_Praktikum/2_Spatial Data Mining/Acara 8 (Deep Learning)/Data/test\test_NA_21013_680_128.tif
690,1.73E-06,D:\6_Praktikum/2_Spatial Data Mining/Acara 8 (Deep Learning)/Data/test\test_NA_21014_681_128.tif
691,0.971917987,D:\6_Praktikum/2_Spatial Data Mining/Acara 8 (Deep Learning)/Data/test\test_NA_21015_682_128.tif
692,0.005317471,D:\6_Praktikum/2_Spatial Data Mining/Acara 8 (Deep Learning)/Data/test\test_NA_21016_683_128.tif
693,0.732633412,D:\6_Praktikum/2_Spatial Data Mining/Acara 8 (Deep Learning)/Data/test\test_NA_21017_684_128.tif
694,0.15448615,D:\6_Praktikum/2_Spatial Data Mining/Acara 8 (Deep Learning)/Data/test\test_NA_21018_685_128.tif
695,4.27E-08,D:\6_Praktikum/2_Spatial Data Mining/Acara 8 (Deep Learning)/Data/test\test_NA_21020_687_128.tif
696,1.21E-15,D:\6_Praktikum/2_Spatial Data Mining/Acara 8 (Deep Learning)/Data/test\test_NA_21022_689_128.tif
697,0.999968886,D:\6_Praktikum/2_Spatial Data Mining/Acara 8 (Deep Learning)/Data/test\test_NA_21023_690_128.tif
698,0.999999642,D:\6_Praktikum/2_Spatial Data Mining/Acara 8 (Deep Learning)/Data/test\test_NA_21201_691_128.tif
699,2.87E-11,D:\6_Praktikum/2_Spatial Data Mining/Acara 8 (Deep Learning)/Data/test\test_NA_21202_692_128.tif
700,0.999986589,D:\6_Praktikum/2_Spatial Data Mining/Acara 8 (Deep Learning)/Data/test\test_NA_21203_693_128.tif
701,0.999998868,D:\6_Praktikum/2_Spatial Data Mining/Acara 8 (Deep Learning)/Data/test\test_NA_21204_694_128.tif
702,1,D:\6_Praktikum/2_Spatial Data Mining/Acara 8 (Deep Learning)/Data/test\test_NA_21205_695_128.tif
703,0.999489307,D:\6_Praktikum/2_Spatial Data Mining/Acara 8 (Deep Learning)/Data/test\test_NA_21206_696_128.tif
704,4.19E-11,D:\6_Praktikum/2_Spatial Data Mining/Acara 8 (Deep Learning)/Data/test\test_NA_21207_697_128.tif
705,2.20E-05,D:\6_Praktikum/2_Spatial Data Mining/Acara 8 (Deep Learning)/Data/test\test_NA_21208_698_128.tif
706,0.073126659,D:\6_Praktikum/2_Spatial Data Mining/Acara 8 (Deep Learning)/Data/test\test_NA_21209_699_128.tif
707,1.71E-09,D:\6_Praktikum/2_Spatial Data Mining/Acara 8 (Deep Learning)/Data/test\test_NA_21210_700_128.tif
708,1,D:\6_Praktikum/2_Spatial Data Mining/Acara 8 (Deep Learning)/Data/test\test_NA_21211_701_128.tif
709,2.90E-12,D:\6_Praktikum/2_Spatial Data Mining/Acara 8 (Deep Learning)/Data/test\test_NA_21212_702_128.tif
710,0.997071564,D:\6_Praktikum/2_Spatial Data Mining/Acara 8 (Deep Learning)/Data/test\test_NA_21213_703_128.tif
711,1,D:\6_Praktikum/2_Spatial Data Mining/Acara 8 (Deep Learning)/Data/test\test_NA_21214_704_128.tif
712,1,D:\6_Praktikum/2_Spatial Data Mining/Acara 8 (Deep Learning)/Data/test\test_NA_21215_705_128.tif
713,1.17E-26,D:\6_Praktikum/2_Spatial Data Mining/Acara 8 (Deep Learning)/Data/test\test_NA_21216_706_128.tif
714,0.999977291,D:\6_Praktikum/2_Spatial Data Mining/Acara 8 (Deep Learning)/Data/test\test_NA_21217_707_128.tif
715,1.62E-09,D:\6_Praktikum/2_Spatial Data Mining/Acara 8 (Deep Learning)/Data/test\test_NA_21218_708_128.tif
716,1.44E-11,D:\6_Praktikum/2_Spatial Data Mining/Acara 8 (Deep Learning)/Data/test\test_NA_21219_709_128.tif
717,0.999899864,D:\6_Praktikum/2_Spatial Data Mining/Acara 8 (Deep Learning)/Data/test\test_NA_21220_710_128.tif
718,1.37E-33,D:\6_Praktikum/2_Spatial Data Mining/Acara 8 (Deep Learning)/Data/test\test_NA_21221_711_128.tif
719,1.40E-06,D:\6_Praktikum/2_Spatial Data Mining/Acara 8 (Deep Learning)/Data/test\test_NA_21222_712_128.tif
720,0.999982774,D:\6_Praktikum/2_Spatial Data Mining/Acara 8 (Deep Learning)/Data/test\test_NA_21223_713_128.tif
721,0.120717876,D:\6_Praktikum/2_Spatial Data Mining/Acara 8 (Deep Learning)/Data/test\test_NA_21224_714_128.tif
722,1,D:\6_Praktikum/2_Spatial Data Mining/Acara 8 (Deep Learning)/Data/test\test_NA_21225_715_128.tif
723,1,D:\6_Praktikum/2_Spatial Data Mining/Acara 8 (Deep Learning)/Data/test\test_NA_21230_720_128.tif
724,8.63E-23,D:\6_Praktikum/2_Spatial Data Mining/Acara 8 (Deep Learning)/Data/test\test_NA_21408_721_128.tif
725,0.000810874,D:\6_Praktikum/2_Spatial Data Mining/Acara 8 (Deep Learning)/Data/test\test_NA_21409_722_128.tif
726,0.236821592,D:\6_Praktikum/2_Spatial Data Mining/Acara 8 (Deep Learning)/Data/test\test_NA_21410_723_128.tif
727,0.744364798,D:\6_Praktikum/2_Spatial Data Mining/Acara 8 (Deep Learning)/Data/test\test_NA_21411_724_128.tif
728,1.32E-07,D:\6_Praktikum/2_Spatial Data Mining/Acara 8 (Deep Learning)/Data/test\test_NA_21412_725_128.tif
729,1.69E-06,D:\6_Praktikum/2_Spatial Data Mining/Acara 8 (Deep Learning)/Data/test\test_NA_21413_726_128.tif
730,0.000158997,D:\6_Praktikum/2_Spatial Data Mining/Acara 8 (Deep Learning)/Data/test\test_NA_21414_727_128.tif
731,1.55E-11,D:\6_Praktikum/2_Spatial Data Mining/Acara 8 (Deep Learning)/Data/test\test_NA_21415_728_128.tif
732,1.90E-05,D:\6_Praktikum/2_Spatial Data Mining/Acara 8 (Deep Learning)/Data/test\test_NA_21416_729_128.tif
733,1,D:\6_Praktikum/2_Spatial Data Mining/Acara 8 (Deep Learning)/Data/test\test_NA_21417_730_128.tif
734,0.99989903,D:\6_Praktikum/2_Spatial Data Mining/Acara 8 (Deep Learning)/Data/test\test_NA_21418_731_128.tif
735,0.997574508,D:\6_Praktikum/2_Spatial Data Mining/Acara 8 (Deep Learning)/Data/test\test_NA_21419_732_128.tif
736,0,D:\6_Praktikum/2_Spatial Data Mining/Acara 8 (Deep Learning)/Data/test\test_NA_21420_733_128.tif
737,0,D:\6_Praktikum/2_Spatial Data Mining/Acara 8 (Deep Learning)/Data/test\test_NA_21421_734_128.tif
738,1,D:\6_Praktikum/2_Spatial Data Mining/Acara 8 (Deep Learning)/Data/test\test_NA_21422_735_128.tif
739,2.87E-12,D:\6_Praktikum/2_Spatial Data Mining/Acara 8 (Deep Learning)/Data/test\test_NA_21423_736_128.tif
740,0.999868095,D:\6_Praktikum/2_Spatial Data Mining/Acara 8 (Deep Learning)/Data/test\test_NA_21424_737_128.tif
741,6.04E-08,D:\6_Praktikum/2_Spatial Data Mining/Acara 8 (Deep Learning)/Data/test\test_NA_21425_738_128.tif
742,0.010763228,D:\6_Praktikum/2_Spatial Data Mining/Acara 8 (Deep Learning)/Data/test\test_NA_21426_739_128.tif
743,0.983626246,D:\6_Praktikum/2_Spatial Data Mining/Acara 8 (Deep Learning)/Data/test\test_NA_21427_740_128.tif
744,2.06E-11,D:\6_Praktikum/2_Spatial Data Mining/Acara 8 (Deep Learning)/Data/test\test_NA_21428_741_128.tif
745,3.10E-09,D:\6_Praktikum/2_Spatial Data Mining/Acara 8 (Deep Learning)/Data/test\test_NA_21429_742_128.tif
746,0.005870662,D:\6_Praktikum/2_Spatial Data Mining/Acara 8 (Deep Learning)/Data/test\test_NA_21430_743_128.tif
747,0.038633179,D:\6_Praktikum/2_Spatial Data Mining/Acara 8 (Deep Learning)/Data/test\test_NA_21431_744_128.tif
748,0.063806057,D:\6_Praktikum/2_Spatial Data Mining/Acara 8 (Deep Learning)/Data/test\test_NA_21432_745_128.tif
749,0,D:\6_Praktikum/2_Spatial Data Mining/Acara 8 (Deep Learning)/Data/test\test_NA_21434_747_128.tif
